customer_id,policy_id,claim_id,age,gender,province,monthly_income,join_date,policy_type,premium_amount,policy_status,claim_date,claim_amount,claim_status,fraud_flag,customer_id_status,claim_id_status
CUST1000,POL5000,CLM9000,44,Male,Gauteng,26064,2020-05-30,Home,1495,Active,2024-04-14,20438.99,Approved,No,Valid Customer ID,Valid Claim ID
CUST1001,POL5001,CLM9001,41,Male,Free State,3500,2025-06-16,Auto,746.28,Active,2025-09-08,4583.11,Approved,No,Valid Customer ID,Valid Claim ID
CUST1002,POL5002,CLM9002,33,Female,Limpopo,29552.92,2020-06-14,Health,2325.42,Active,2024-06-12,11892.02,Rejected,No,Valid Customer ID,Valid Claim ID
CUST1003,POL5003,CLM9003,41,Female,Western Cape,3500,2024-06-10,Auto,885.13,Active,2025-01-24,15139.51,Approved,No,Valid Customer ID,Valid Claim ID
CUST1004,POL5004,CLM9004,42,Female,Mpumalanga,3500,2024-07-15,Home,1875.25,Active,2025-01-22,29975,Approved,No,Valid Customer ID,Valid Claim ID
CUST1005,POL5005,CLM9005,33,Female,Limpopo,null,2024-04-13,Home,2210.31,Active,2024-10-23,30336.75,Approved,No,Valid Customer ID,Valid Claim ID
CUST1006,POL5006,CLM9006,38,Male,Free State,49905.01,2022-12-19,Auto,433.09,Active,2025-01-14,500,Approved,No,Valid Customer ID,Valid Claim ID
CUST1007,POL5007,CLM9007,30,Female,KwaZulu-Natal,20975.4,2021-10-14,Life,817.56,Active,2024-06-16,39102.08,Rejected,No,Valid Customer ID,Valid Claim ID
CUST1008,POL5008,CLM9008,42,Male,North West,31654.77,2022-03-28,Home,1410.71,Active,2024-02-02,48634.23,Approved,No,Valid Customer ID,Valid Claim ID
CUST1009,POL5009,CLM9009,41,Male,Limpopo,26957.76,2020-11-02,Funeral,326.92,Active,2024-08-05,null,Approved,No,Valid Customer ID,Valid Claim ID
CUST1010,POL5010,CLM9010,47,Female,Western Cape,15268.58,2021-05-18,Auto,1840.98,Active,2024-09-26,12620.17,Approved,No,Valid Customer ID,Valid Claim ID
CUST1011,POL5011,CLM9011,27,Female,North West,34630.29,2023-11-29,Auto,1028.2,Cancelled,2024-04-03,0,Approved,No,Valid Customer ID,Valid Claim ID
CUST1012,POL5012,CLM9012,41,Male,Western Cape,38945.52,2021-08-24,Home,1734,Active,2025-01-25,29516.87,Approved,No,Valid Customer ID,Valid Claim ID
CUST1013,POL5013,CLM9013,59,Female,Gauteng,34633.66,2021-01-27,Life,706.33,Active,2024-09-30,52430.06,Rejected,No,Valid Customer ID,Valid Claim ID
CUST1014,POL5014,CLM9014,36,Female,Free State,17447.69,2021-11-06,Auto,1038.67,Active,2024-09-26,25858.24,Rejected,No,Valid Customer ID,Valid Claim ID
CUST1015,POL5015,CLM9015,45,Unknown,Mpumalanga,15999.79,2024-01-23,Home,1921,Active,2025-01-17,20641.82,Approved,No,Valid Customer ID,Valid Claim ID
CUST1016,POL5016,CLM9016,41,Male,North West,10559.66,2023-06-09,Health,2331.19,Active,2024-11-10,14862.3,Approved,No,Valid Customer ID,Valid Claim ID
CUST1017,POL5017,CLM9017,23,Male,KwaZulu-Natal,14870.45,2024-09-15,Home,3333.73,Lapsed,2025-06-29,22216.77,Pending,Yes,Valid Customer ID,Valid Claim ID
CUST1018,POL5018,CLM9018,30,Male,Mpumalanga,24684.54,2021-07-25,Life,1528.66,Active,2025-07-06,64601.11,Pending,No,Valid Customer ID,Valid Claim ID
CUST1019,POL5019,CLM9019,31,Female,Free State,37514.37,2022-11-02,Funeral,607.27,Active,2025-06-13,19114.6,Rejected,Yes,Valid Customer ID,Valid Claim ID
CUST1020,POL5020,CLM9020,30,Female,Gauteng,26393.69,2020-07-30,Life,649.93,Active,2024-03-13,52289.67,Rejected,Yes,Valid Customer ID,Valid Claim ID
CUST1021,POL5021,CLM9021,62,Male,North West,42454.51,2021-06-30,Auto,818.22,Active,2024-08-07,25359.02,Approved,Yes,Valid Customer ID,Valid Claim ID
CUST1022,POL5022,CLM9022,36,Female,Limpopo,10531.04,2020-06-30,Home,1658.83,Lapsed,2024-04-09,14221.9,Approved,No,Valid Customer ID,Valid Claim ID
CUST1023,POL5023,CLM9023,41,Female,Free State,19597,2025-03-06,Health,1868.81,Active,2025-10-23,29064.27,Approved,No,Valid Customer ID,Valid Claim ID
CUST1024,POL5024,CLM9024,42,Female,KwaZulu-Natal,19282.21,2024-01-28,Auto,1277.16,Active,2025-03-08,11417,Approved,No,Valid Customer ID,Valid Claim ID
CUST1025,POL5025,CLM9025,29,Male,KwaZulu-Natal,20157,2020-05-27,Health,2466.22,Lapsed,2024-02-21,16376.78,Approved,No,Valid Customer ID,Valid Claim ID
CUST1026,POL5026,CLM9026,48,Male,KwaZulu-Natal,39389.13,2022-08-01,Funeral,388.9,Lapsed,2025-05-12,26554.32,Rejected,Yes,Valid Customer ID,Valid Claim ID
CUST1027,POL5027,CLM9027,27,Male,Western Cape,11001.36,2023-08-05,Health,2575,Cancelled,2025-04-10,12606.44,Approved,No,Valid Customer ID,Valid Claim ID
CUST1028,POL5028,CLM9028,29,Female,Western Cape,23500.6,2025-02-05,Auto,1494.53,Active,2025-07-09,13184.04,Approved,No,Valid Customer ID,Valid Claim ID
CUST1029,POL5029,CLM9029,31,Male,Gauteng,25012,2024-01-16,Life,1164.41,Active,2024-06-10,39804.14,Rejected,No,Valid Customer ID,Valid Claim ID
CUST1030,POL5030,CLM9030,44,Male,Western Cape,null,2024-05-18,Auto,1311.93,Active,2025-02-17,18119.63,Rejected,Unknown,Valid Customer ID,Valid Claim ID
CUST1031,POL5031,CLM9031,54,Male,Gauteng,41429.79,2023-08-12,Life,1168,Active,2025-06-19,34210.93,Approved,No,Valid Customer ID,Valid Claim ID
CUST1032,POL5032,CLM9032,30,Unknown,North West,30105.51,2022-03-13,Auto,null,Active,2024-11-03,22673.23,Approved,No,Valid Customer ID,Valid Claim ID
CUST1033,POL5033,CLM9033,20,Male,Gauteng,46954.21,2021-02-09,Health,2842.69,Cancelled,2024-03-16,8399.48,Pending,No,Valid Customer ID,Valid Claim ID
CUST1034,POL5034,CLM9034,40,Female,Western Cape,35202.14,2023-05-11,Funeral,389.88,Lapsed,2025-01-13,14405.11,Rejected,Yes,Valid Customer ID,Valid Claim ID
CUST1035,POL5035,CLM9035,61,Female,Gauteng,52575,2023-06-16,Life,1111.34,Active,2024-04-16,13342.69,Pending,No,Valid Customer ID,Valid Claim ID
CUST1036,POL5036,CLM9036,36,Male,Western Cape,38045.59,2020-08-20,Auto,1875.82,Active,2024-07-27,17472.3,Approved,Unknown,Valid Customer ID,Valid Claim ID
CUST1037,POL5037,CLM9037,24,Female,Eastern Cape,37375.42,2023-04-28,Auto,1478.31,Cancelled,2025-10-11,27073.85,Approved,No,Valid Customer ID,Valid Claim ID
CUST1039,POL5039,CLM9039,33,Female,Gauteng,19938.54,2021-04-11,Auto,1253.73,Cancelled,2024-06-01,15634.16,Rejected,Yes,Valid Customer ID,Valid Claim ID
CUST1040,POL5040,CLM9040,37,Male,Free State,null,2022-01-09,Auto,787.74,Active,2024-02-10,7725.29,Rejected,No,Valid Customer ID,Valid Claim ID
CUST1041,POL5041,CLM9041,39,Male,KwaZulu-Natal,15942.02,2024-10-16,Health,2423.35,Active,2025-09-27,19409.42,Rejected,No,Valid Customer ID,Valid Claim ID
CUST1042,POL5042,CLM9042,31,Male,Western Cape,21180.24,2022-12-25,Funeral,382.45,Lapsed,2024-01-26,18532.35,Rejected,No,Valid Customer ID,Valid Claim ID
CUST1043,POL5043,CLM9043,44,Female,Free State,14314.23,2023-10-10,Home,1844.51,Lapsed,2024-09-30,6469.49,Rejected,No,Valid Customer ID,Valid Claim ID
CUST1044,POL5044,CLM9044,41,Male,Free State,15339.57,2023-04-01,Funeral,271.78,Lapsed,2025-04-16,10539,Approved,Yes,Valid Customer ID,Valid Claim ID
CUST1045,POL5045,CLM9045,48,Unknown,Limpopo,12184.1,2022-07-20,Auto,1535.43,Active,2024-03-12,16071.07,Approved,No,Valid Customer ID,Valid Claim ID
CUST1046,POL5046,CLM9046,51,Female,North West,31561.89,2021-02-28,Funeral,397.33,Active,2024-07-01,12043.86,Pending,No,Valid Customer ID,Valid Claim ID
CUST1047,POL5047,CLM9047,52,Female,Gauteng,22286.94,2022-05-09,Auto,636.66,Active,2024-11-17,33926.15,Rejected,No,Valid Customer ID,Valid Claim ID
CUST1048,POL5048,CLM9048,41,Male,Free State,38792.11,2025-02-17,Funeral,425.93,Active,2025-03-22,8900.93,Approved,No,Valid Customer ID,Valid Claim ID
CUST1049,POL5049,CLM9049,48,Male,North West,16014.83,2023-11-28,Health,1813.41,Cancelled,2025-09-30,9841,Pending,No,Valid Customer ID,Valid Claim ID
CUST1050,POL5050,CLM9050,47,Male,Mpumalanga,15089.69,2024-03-19,Life,1053,Active,2025-12-14,71928.8,Approved,No,Valid Customer ID,Valid Claim ID
CUST1051,POL5051,CLM9051,42,Male,Free State,12243.15,2020-12-15,Life,977.35,Active,2024-06-27,53486.43,Rejected,No,Valid Customer ID,Valid Claim ID
CUST1052,POL5052,CLM9052,56,Female,Gauteng,20842.98,2021-12-13,Health,2024.53,Active,2025-09-13,10735.94,Rejected,No,Valid Customer ID,Valid Claim ID
CUST1053,POL5053,CLM9053,48,Female,Eastern Cape,29026.45,2020-09-12,Life,866.05,Active,2024-06-22,40090.98,Rejected,Yes,Valid Customer ID,Valid Claim ID
CUST1054,POL5054,CLM9054,36,Female,KwaZulu-Natal,37746.89,2023-06-08,Home,1102.06,Active,2024-08-18,28377.02,Rejected,Yes,Valid Customer ID,Valid Claim ID
CUST1055,POL5055,CLM9055,32,Female,KwaZulu-Natal,20343.97,2023-09-20,Health,1773.95,Lapsed,2025-12-14,500,Approved,No,Valid Customer ID,Valid Claim ID
CUST1056,POL5056,CLM9056,35,Male,Western Cape,22799.83,2021-11-01,Life,672.36,Active,2024-04-19,24677.07,Rejected,No,Valid Customer ID,Valid Claim ID
CUST1057,POL5057,CLM9057,25,Female,Gauteng,37981.98,2021-09-08,Life,1127.74,Cancelled,2024-05-16,56086.84,Approved,No,Valid Customer ID,Valid Claim ID
CUST1058,POL5058,CLM9058,42,Female,Eastern Cape,10484.41,2022-12-15,Life,819.32,Active,2025-07-15,55908.18,Approved,No,Valid Customer ID,Valid Claim ID
CUST1059,POL5059,CLM9059,18,Female,Eastern Cape,51750.39,2022-08-30,Auto,1423.86,Active,2025-06-17,28481.37,Approved,No,Valid Customer ID,Valid Claim ID
CUST1060,POL5060,CLM9060,42,Female,Eastern Cape,null,2021-10-14,Auto,878.14,Active,2024-11-23,21302.03,Rejected,Yes,Valid Customer ID,Valid Claim ID
CUST1061,POL5061,CLM9061,43,Female,Western Cape,4163.83,2022-10-29,Home,2042.21,Active,2025-07-09,18502.18,Approved,No,Valid Customer ID,Valid Claim ID
CUST1062,POL5062,CLM9062,44,Male,Free State,17839.59,2020-09-29,Health,1646.77,Active,2024-01-21,4193.01,Pending,No,Valid Customer ID,Valid Claim ID
CUST1063,POL5063,CLM9063,44,Male,North West,30587.71,2022-01-28,Health,2520.19,Active,2025-03-05,21194.19,Rejected,No,Valid Customer ID,Valid Claim ID
CUST1064,POL5064,CLM9064,32,Male,Eastern Cape,53374.28,2021-02-10,Auto,1597.71,Active,2024-12-10,3082.87,Approved,No,Valid Customer ID,Valid Claim ID
CUST1065,POL5065,CLM9065,40,Female,Unknown,9305.18,2025-04-06,Home,2086.35,Cancelled,2025-06-30,31155.42,Pending,No,Valid Customer ID,Valid Claim ID
CUST1066,POL5066,CLM9066,41,Male,KwaZulu-Natal,10125.52,2022-08-08,Life,940,Active,2024-02-21,35711.19,Approved,No,Valid Customer ID,Valid Claim ID
CUST1067,POL5067,CLM9067,34,Male,Eastern Cape,23671.59,2023-09-08,Health,1812.75,Active,2025-03-07,23575.82,Approved,No,Valid Customer ID,Valid Claim ID
CUST1068,POL5068,CLM9068,41,Female,Gauteng,40454.83,2020-11-25,Home,2234.21,Active,2024-08-17,44954.87,Pending,Yes,Valid Customer ID,Valid Claim ID
CUST1069,POL5069,CLM9069,34,Male,Gauteng,24055.02,2023-01-04,Funeral,345.84,Active,2024-06-05,12716.07,Approved,Yes,Valid Customer ID,Valid Claim ID
CUST1070,POL5070,CLM9070,38,Male,Eastern Cape,null,2024-12-23,Life,991.61,Active,2025-09-13,35442.05,Approved,No,Valid Customer ID,Valid Claim ID
CUST1072,POL5072,CLM9072,32,Male,KwaZulu-Natal,22572.18,2024-03-07,Life,1114.64,Lapsed,2025-12-14,31843.26,Approved,No,Valid Customer ID,Valid Claim ID
CUST1073,POL5073,CLM9073,33,Male,Gauteng,31133.03,2021-09-15,Health,2813.04,Active,2025-06-02,17455.13,Approved,No,Valid Customer ID,Valid Claim ID
CUST1074,POL5074,CLM9074,45,Female,Eastern Cape,43521.85,2024-05-07,Auto,1637.17,Cancelled,2025-04-15,24162.74,Approved,No,Valid Customer ID,Valid Claim ID
CUST1075,POL5075,CLM9075,43,Female,Eastern Cape,22493.26,2023-06-13,Health,2867.07,Lapsed,2024-11-26,17163.87,Approved,No,Valid Customer ID,Valid Claim ID
CUST1076,POL5076,CLM9076,41,Male,Mpumalanga,50084,2021-11-18,Funeral,296.43,Active,2025-09-16,9799.28,Approved,No,Valid Customer ID,Valid Claim ID
CUST1077,POL5077,CLM9077,52,Male,Eastern Cape,6675.38,2022-09-25,Funeral,283.38,Active,2024-09-21,10987.67,Approved,No,Valid Customer ID,Valid Claim ID
CUST1078,POL5078,CLM9078,27,Female,Gauteng,37916.99,2022-04-27,Life,629.92,Active,2025-02-20,25738.47,Approved,No,Valid Customer ID,Valid Claim ID
CUST1079,POL5079,CLM9079,38,Male,Eastern Cape,31406.75,2022-07-13,Life,637.12,Active,2024-04-05,53221.56,Rejected,No,Valid Customer ID,Valid Claim ID
CUST1080,POL5080,CLM9080,46,Male,Mpumalanga,46608.14,2022-07-01,Life,927.57,Active,2024-12-18,19246.05,Approved,No,Valid Customer ID,Valid Claim ID
CUST1081,POL5081,CLM9081,48,Female,North West,18863.26,2023-03-06,Home,509.25,Active,2024-05-03,14396.29,Approved,No,Valid Customer ID,Valid Claim ID
CUST1082,POL5082,CLM9082,38,Male,Limpopo,11782.89,2022-01-16,Auto,1876.19,Active,2025-06-21,500,Rejected,No,Valid Customer ID,Valid Claim ID
CUST1083,POL5083,CLM9083,58,Male,Limpopo,36971.8,2022-11-29,Health,2443.55,Active,2025-12-26,17585.79,Approved,No,Valid Customer ID,Valid Claim ID
CUST1084,POL5084,CLM9084,50,Male,Gauteng,20506.71,2024-09-19,Life,1469,Active,2025-05-17,null,Approved,No,Valid Customer ID,Valid Claim ID
CUST1085,POL5085,CLM9085,44,Female,Eastern Cape,19968.2,2021-12-12,Health,3385.36,Active,2024-09-15,16908.14,Pending,No,Valid Customer ID,Valid Claim ID
CUST1086,POL5086,CLM9086,43,Male,Free State,37060.74,2023-07-05,Health,3044.39,Active,2024-06-04,25471.42,Approved,No,Valid Customer ID,Valid Claim ID
CUST1087,POL5087,CLM9087,37,Female,KwaZulu-Natal,40371.24,2022-04-11,Funeral,274.93,Active,2025-09-12,9970.26,Rejected,No,Valid Customer ID,Valid Claim ID
CUST1088,POL5088,CLM9088,38,Male,Free State,44418.21,2023-05-30,Health,1877.63,Active,2025-03-15,9100.47,Rejected,No,Valid Customer ID,Valid Claim ID
CUST1089,POL5089,CLM9089,33,Male,KwaZulu-Natal,32851.05,2025-04-25,Funeral,469.55,Active,2025-11-07,19101.33,Rejected,Yes,Valid Customer ID,Valid Claim ID
CUST1090,POL5090,CLM9090,35,Male,Western Cape,23110.39,2024-07-21,Auto,1237.43,Active,2024-10-25,20268,Approved,No,Valid Customer ID,Valid Claim ID
CUST1091,POL5091,CLM9091,47,Female,Eastern Cape,null,2022-05-14,Auto,1606.42,Active,2025-10-02,21291.64,Approved,No,Valid Customer ID,Valid Claim ID
CUST1092,POL5092,CLM9092,51,Male,Free State,13441.32,2023-11-13,Auto,1564.47,Active,2024-09-29,20065.61,Approved,No,Valid Customer ID,Valid Claim ID
CUST1093,POL5093,CLM9093,65,Male,Mpumalanga,27193.34,2024-06-14,Life,1226.38,Lapsed,2025-03-25,24366,Pending,No,Valid Customer ID,Valid Claim ID
CUST1094,POL5094,CLM9094,38,Female,Free State,32602.67,2020-10-16,Funeral,320.7,Active,2024-03-23,18207.04,Rejected,Yes,Valid Customer ID,Valid Claim ID
CUST1095,POL5095,CLM9095,35,Female,Mpumalanga,47259.9,2022-03-29,Auto,1297.48,Active,2025-08-12,4319.52,Approved,No,Valid Customer ID,Valid Claim ID
CUST1096,POL5096,CLM9096,31,Female,Gauteng,9476.74,2023-08-07,Home,2613.6,Active,2025-03-28,9325.13,Approved,No,Valid Customer ID,Valid Claim ID
CUST1097,POL5097,CLM9097,50,Female,Eastern Cape,62156.53,2021-01-22,Funeral,441.07,Active,2024-11-24,12315.95,Rejected,Yes,Valid Customer ID,Valid Claim ID
CUST1098,POL5098,CLM9098,20,Female,Eastern Cape,26623.25,2025-04-03,Health,1437.85,Cancelled,2025-07-17,4082.97,Rejected,No,Valid Customer ID,Valid Claim ID
CUST1099,POL5099,CLM9099,45,Female,Mpumalanga,14443.18,2025-05-09,Health,1299.58,Cancelled,2025-06-10,11842.9,Approved,No,Valid Customer ID,Valid Claim ID
CUST1100,POL5100,CLM9100,40,Female,Free State,21988.32,2021-10-23,Auto,1392.8,Active,2025-05-25,11702.44,Approved,No,Valid Customer ID,Valid Claim ID
CUST1101,POL5101,CLM9101,31,Male,Limpopo,40528.94,2023-02-28,Auto,1246.77,Active,2025-12-16,38378.92,Approved,Yes,Valid Customer ID,Valid Claim ID
CUST1102,POL5102,CLM9102,36,Male,Western Cape,26182.51,2023-11-30,Health,2011.8,Active,2024-08-18,11293.74,Approved,No,Valid Customer ID,Valid Claim ID
CUST1103,POL5103,CLM9103,57,Male,Western Cape,20249.76,2022-05-10,Health,3077.04,Active,2024-10-06,6805.78,Approved,No,Valid Customer ID,Valid Claim ID
CUST1104,POL5104,CLM9104,41,Female,Limpopo,6217.46,2022-10-01,Health,2600,Active,2025-09-05,25380.58,Approved,No,Valid Customer ID,Valid Claim ID
CUST1105,POL5105,CLM9105,45,Male,KwaZulu-Natal,29064.08,2023-11-04,Auto,1538.56,Lapsed,2025-06-03,9412.88,Approved,No,Valid Customer ID,Valid Claim ID
CUST1106,POL5106,CLM9106,26,Female,Mpumalanga,23570.28,2021-10-31,Home,1776.99,Active,2024-06-01,34497.3,Approved,No,Valid Customer ID,Valid Claim ID
CUST1107,POL5107,CLM9107,30,Female,North West,9362.74,2023-10-06,Life,674.16,Active,2024-11-25,60092.83,Approved,No,Valid Customer ID,Valid Claim ID
CUST1108,POL5108,CLM9108,49,Male,Free State,23936.16,2023-02-09,Auto,1443.59,Active,2025-04-29,10820.42,Approved,No,Valid Customer ID,Valid Claim ID
CUST1109,POL5109,CLM9109,50,Male,Eastern Cape,34645.78,2024-04-14,Funeral,351.24,Active,2024-12-05,12878.17,Pending,No,Valid Customer ID,Valid Claim ID
CUST1110,POL5110,CLM9110,39,Female,KwaZulu-Natal,35415.7,2021-05-25,Life,966.12,Active,2025-02-23,55798.72,Rejected,No,Valid Customer ID,Valid Claim ID
CUST1111,POL5111,CLM9111,36,Male,Eastern Cape,48870.17,2021-05-23,Home,1463.89,Active,2025-02-11,31243.26,Rejected,Yes,Valid Customer ID,Valid Claim ID
CUST1112,POL5112,CLM9112,49,Female,North West,7211.43,2025-03-27,Life,608.28,Lapsed,2025-07-08,58664.79,Approved,No,Valid Customer ID,Valid Claim ID
CUST1113,POL5113,CLM9113,32,Male,Mpumalanga,33485.26,2020-08-22,Funeral,364.35,Active,2024-04-10,8400.39,Approved,No,Valid Customer ID,Valid Claim ID
CUST1114,POL5114,CLM9114,34,Male,Eastern Cape,15612.76,2024-07-07,Auto,1289.47,Active,2024-11-28,16011.43,Approved,No,Valid Customer ID,Valid Claim ID
CUST1115,POL5115,CLM9115,46,Female,Free State,21169.24,2023-06-21,Auto,2105.06,Active,2024-07-03,32834.36,Approved,No,Valid Customer ID,Valid Claim ID
CUST1116,POL5116,CLM9116,61,Female,Limpopo,29911.49,2024-04-13,Health,2211,Active,2025-10-15,3624.71,Approved,No,Valid Customer ID,Valid Claim ID
CUST1117,POL5117,CLM9117,49,Male,Eastern Cape,17404.87,2023-03-22,Funeral,509.38,Active,2025-03-28,19567.04,Approved,No,Valid Customer ID,Valid Claim ID
CUST1118,POL5118,CLM9118,39,Female,Free State,31760.29,2022-04-15,Life,1084.57,Active,2025-01-28,9605.58,Approved,Unknown,Valid Customer ID,Valid Claim ID
CUST1119,POL5119,CLM9119,36,Female,North West,24124.61,2023-07-19,Life,1165.12,Cancelled,2025-11-05,73932.22,Approved,Yes,Valid Customer ID,Valid Claim ID
CUST1120,POL5120,CLM9120,46,Male,Eastern Cape,44428.63,2021-02-27,Home,1306.89,Cancelled,2024-08-23,29706,Rejected,No,Valid Customer ID,Valid Claim ID
CUST1121,POL5121,CLM9121,41,Male,Limpopo,64423.56,2021-12-13,Life,1138,Active,2025-11-06,22962.63,Rejected,No,Valid Customer ID,Valid Claim ID
CUST1122,POL5122,CLM9122,32,Male,Gauteng,36240.1,2023-10-13,Health,2336.8,Active,2024-05-14,10927.86,Approved,No,Valid Customer ID,Valid Claim ID
CUST1123,POL5123,CLM9123,37,Female,Free State,33873.45,2021-12-19,Auto,1039.38,Active,2025-01-09,14203.46,Approved,No,Valid Customer ID,Valid Claim ID
CUST1124,POL5124,CLM9124,22,Female,Western Cape,45676.18,2022-11-06,Auto,1156.85,Lapsed,2024-10-29,37057.88,Approved,No,Valid Customer ID,Valid Claim ID
CUST1125,POL5125,CLM9125,47,Female,KwaZulu-Natal,20283.4,2023-08-01,Auto,1063.63,Cancelled,2025-11-21,27075.4,Rejected,No,Valid Customer ID,Valid Claim ID
CUST1126,POL5126,CLM9126,31,Female,KwaZulu-Natal,3500,2023-02-16,Home,1883.87,Active,2025-04-10,23282.19,Approved,No,Valid Customer ID,Valid Claim ID
CUST1127,POL5127,CLM9127,34,Female,Free State,43242.48,2021-12-06,Home,1096.17,Cancelled,2024-08-27,20407.56,Approved,Yes,Valid Customer ID,Valid Claim ID
CUST1128,POL5128,CLM9128,44,Female,Limpopo,20542.19,2024-03-10,Life,943.12,Active,2025-12-18,53437.94,Approved,No,Valid Customer ID,Valid Claim ID
CUST1129,POL5129,CLM9129,47,Male,Western Cape,45177.07,2023-09-12,Auto,1314.95,Active,2024-04-28,21489.97,Pending,No,Valid Customer ID,Valid Claim ID
CUST1130,POL5130,CLM9130,38,Male,Free State,17539.04,2023-01-31,Health,2630.43,Active,2025-07-07,500,Rejected,No,Valid Customer ID,Valid Claim ID
CUST1131,POL5131,CLM9131,42,Male,Free State,9007.85,2024-07-08,Life,546.22,Lapsed,2024-10-13,65675.47,Approved,No,Valid Customer ID,Valid Claim ID
CUST1132,POL5132,CLM9132,43,Male,Eastern Cape,37703.48,2023-10-13,Health,1879.78,Active,2025-12-03,15492.48,Approved,No,Valid Customer ID,Valid Claim ID
CUST1133,POL5133,CLM9133,45,Female,Gauteng,56804.94,2024-09-05,Health,1663.2,Active,2025-04-10,8138.05,Approved,No,Valid Customer ID,Valid Claim ID
CUST1134,POL5134,CLM9134,42,Male,Gauteng,24467.05,2024-05-08,Home,1564.97,Active,2025-08-01,20883.71,Approved,Yes,Valid Customer ID,Valid Claim ID
CUST1135,POL5135,CLM9135,40,Male,Limpopo,7864.11,2025-07-29,Home,2086.02,Active,2025-09-02,31816.79,Rejected,No,Valid Customer ID,Valid Claim ID
CUST1136,POL5136,CLM9136,31,Male,Western Cape,42419.45,2023-04-03,Life,711.22,Lapsed,2024-01-27,70419.97,Approved,Yes,Valid Customer ID,Valid Claim ID
CUST1137,POL5137,CLM9137,27,Male,North West,33996.3,2022-02-24,Auto,1284.5,Active,2025-03-07,21095.07,Approved,No,Valid Customer ID,Valid Claim ID
CUST1138,POL5138,CLM9138,40,Male,Eastern Cape,46446.37,2022-05-12,Health,2783.93,Active,2025-04-07,0,Approved,No,Valid Customer ID,Valid Claim ID
CUST1139,POL5139,CLM9139,48,Male,Mpumalanga,35654.27,2023-01-04,Health,1879.91,Cancelled,2025-05-05,21737.27,Approved,No,Valid Customer ID,Valid Claim ID
CUST1140,POL5140,CLM9140,43,Male,Eastern Cape,27661.26,2021-05-30,Home,2134.46,Active,2024-11-25,33040.33,Rejected,No,Valid Customer ID,Valid Claim ID
CUST1141,POL5141,CLM9141,48,Male,Mpumalanga,9156.28,2021-08-21,Life,699.92,Active,2025-01-25,53805.37,Approved,No,Valid Customer ID,Valid Claim ID
CUST1142,POL5142,CLM9142,43,Female,Free State,24622.39,2022-08-26,Auto,1585.4,Active,2025-10-28,16856.38,Rejected,Unknown,Valid Customer ID,Valid Claim ID
CUST1143,POL5143,CLM9143,42,Male,Free State,null,2022-12-15,Health,1838.71,Active,2025-04-09,4516.49,Approved,No,Valid Customer ID,Valid Claim ID
CUST1144,POL5144,CLM9144,43,Male,North West,53734.57,2020-06-30,Health,1890.41,Active,2024-06-05,3570.54,Approved,No,Valid Customer ID,Valid Claim ID
CUST1145,POL5145,CLM9145,37,Male,KwaZulu-Natal,25636.5,2024-03-26,Home,1707.27,Active,2025-01-16,500,Approved,No,Valid Customer ID,Valid Claim ID
CUST1146,POL5146,CLM9146,31,Female,KwaZulu-Natal,3500,2024-10-25,Health,2924.2,Lapsed,2025-03-09,25119.72,Pending,No,Valid Customer ID,Valid Claim ID
CUST1147,POL5147,CLM9147,36,Female,North West,16194.55,2024-01-05,Auto,2109.83,Active,2025-05-08,34102.98,Approved,No,Valid Customer ID,Valid Claim ID
CUST1148,POL5148,CLM9148,32,Female,North West,27481.48,2021-12-23,Auto,1199.74,Active,2025-03-15,25220.53,Approved,No,Valid Customer ID,Valid Claim ID
CUST1149,POL5149,CLM9149,42,Male,Mpumalanga,46766.31,2022-11-26,Auto,693.69,Active,2024-12-13,10856.29,Rejected,Yes,Valid Customer ID,Valid Claim ID
CUST1150,POL5150,CLM9150,59,Female,KwaZulu-Natal,27150.75,2024-03-14,Auto,1102.06,Active,2025-06-27,22832.89,Approved,No,Valid Customer ID,Valid Claim ID
CUST1151,POL5151,CLM9151,56,Female,North West,40555.75,2022-03-02,Auto,1256.01,Active,2025-08-04,8621.79,Approved,No,Valid Customer ID,Valid Claim ID
CUST1152,POL5152,CLM9152,40,Male,Unknown,34187.17,2022-03-13,Auto,968.36,Active,2024-10-05,20215.55,Approved,No,Valid Customer ID,Valid Claim ID
CUST1153,POL5153,CLM9153,26,Female,Eastern Cape,29519.84,2022-06-23,Health,1975,Active,2024-12-19,13278.85,Approved,No,Valid Customer ID,Valid Claim ID
CUST1154,POL5154,CLM9154,49,Female,Mpumalanga,33980.72,2022-10-17,Auto,1124,Active,2024-01-08,11629.11,Approved,No,Valid Customer ID,Valid Claim ID
CUST1155,POL5155,CLM9155,37,Male,Western Cape,39351.32,2022-11-25,Home,851.88,Active,2025-05-24,12731.54,Approved,No,Valid Customer ID,Valid Claim ID
CUST1156,POL5156,CLM9156,35,Female,Limpopo,38915.25,2021-11-22,Life,809.46,Lapsed,2024-03-14,74080.49,Rejected,No,Valid Customer ID,Valid Claim ID
CUST1157,POL5157,CLM9157,38,Male,Free State,31922.26,2023-02-15,Auto,1066.64,Cancelled,2025-08-12,18061.01,Rejected,No,Valid Customer ID,Valid Claim ID
CUST1158,POL5158,CLM9158,36,Female,Mpumalanga,50381.06,2023-01-26,Auto,1546.32,Active,2025-09-24,21511.6,Approved,No,Valid Customer ID,Valid Claim ID
CUST1159,POL5159,CLM9159,25,Female,KwaZulu-Natal,30001.2,2022-02-07,Health,3438.78,Active,2025-02-14,5697.73,Approved,No,Valid Customer ID,Valid Claim ID
CUST1160,POL5160,CLM9160,18,Female,North West,38470.74,2025-01-20,Auto,974.54,Active,2025-10-10,15282.96,Approved,No,Valid Customer ID,Valid Claim ID
CUST1161,POL5161,CLM9161,33,Male,North West,26516.72,2023-01-04,Health,1198.22,Cancelled,2024-05-31,14464.4,Rejected,Yes,Valid Customer ID,Valid Claim ID
CUST1162,POL5162,CLM9162,45,Male,Western Cape,22825.46,2022-11-29,Home,1576.87,Active,2025-10-05,18852.06,Approved,No,Valid Customer ID,Valid Claim ID
CUST1163,POL5163,CLM9163,18,Female,North West,71928.48,2021-06-24,Funeral,412.53,Active,2024-03-10,13092.36,Approved,No,Valid Customer ID,Valid Claim ID
CUST1164,POL5164,CLM9164,36,Female,Mpumalanga,43872.78,2022-09-05,Life,1113.98,Active,2025-04-17,62055.48,Rejected,Yes,Valid Customer ID,Valid Claim ID
CUST1165,POL5165,CLM9165,28,Female,KwaZulu-Natal,8685.35,2022-09-28,Life,1188.28,Cancelled,2025-08-31,52774.61,Approved,No,Valid Customer ID,Valid Claim ID
CUST1166,POL5166,CLM9166,52,Male,Eastern Cape,37916.25,2022-12-12,Funeral,330.43,Active,2025-09-11,12152.23,Approved,No,Valid Customer ID,Valid Claim ID
CUST1167,POL5167,CLM9167,18,Male,Eastern Cape,30986.11,2021-04-29,Auto,1350.42,Lapsed,2024-03-27,10754.11,Approved,No,Valid Customer ID,Valid Claim ID
CUST1168,POL5168,CLM9168,36,Male,Limpopo,3500,2024-09-26,Home,1725,Cancelled,2025-09-16,47606,Approved,No,Valid Customer ID,Valid Claim ID
CUST1169,POL5169,CLM9169,41,Female,Free State,21117.09,2022-01-22,Health,1515.87,Active,2025-10-08,15139.33,Approved,Unknown,Valid Customer ID,Valid Claim ID
CUST1170,POL5170,CLM9170,31,Female,KwaZulu-Natal,22270.05,2022-05-19,Life,744.4,Active,2025-11-03,47793.43,Approved,No,Valid Customer ID,Valid Claim ID
CUST1171,POL5171,CLM9171,31,Female,KwaZulu-Natal,23747.84,2021-11-03,Life,830.94,Active,2025-11-02,42527.31,Approved,No,Valid Customer ID,Valid Claim ID
CUST1172,POL5172,CLM9172,41,Male,KwaZulu-Natal,19841,2020-07-08,Health,2019.43,Active,2024-05-10,12709.26,Rejected,No,Valid Customer ID,Valid Claim ID
CUST1173,POL5173,CLM9173,45,Male,Free State,44854.38,2022-08-09,Life,950.13,Active,2024-08-07,23027.18,Approved,No,Valid Customer ID,Valid Claim ID
CUST1174,POL5174,CLM9174,34,Female,Limpopo,48334.55,2021-05-10,Auto,1464,Active,2024-04-13,17280.24,Approved,No,Valid Customer ID,Valid Claim ID
CUST1175,POL5175,CLM9175,43,Male,North West,15371.28,2023-06-10,Funeral,241.93,Active,2024-06-06,13023.24,Approved,No,Valid Customer ID,Valid Claim ID
CUST1176,POL5176,CLM9176,39,Male,Eastern Cape,13969.38,2021-09-27,Auto,1609.29,Active,2025-03-30,16185.24,Approved,No,Valid Customer ID,Valid Claim ID
CUST1177,POL5177,CLM9177,39,Female,Unknown,35659.67,2024-02-23,Life,1128.85,Active,2025-04-25,55652.65,Rejected,No,Valid Customer ID,Valid Claim ID
CUST1179,POL5179,CLM9179,37,Male,Mpumalanga,4995.36,2021-04-25,Auto,1288,Active,2024-04-15,12144.57,Approved,No,Valid Customer ID,Valid Claim ID
CUST1180,POL5180,CLM9180,26,Female,KwaZulu-Natal,31451.07,2021-11-17,Home,1143.21,Active,2024-05-30,37848.01,Rejected,Yes,Valid Customer ID,Valid Claim ID
CUST1181,POL5181,CLM9181,35,Female,North West,30124.61,2023-08-24,Funeral,592.83,Active,2025-01-17,22237.09,Approved,No,Valid Customer ID,Valid Claim ID
CUST1182,POL5182,CLM9182,18,Male,North West,49468.07,2023-11-11,Auto,852,Active,2025-10-27,22390.64,Approved,No,Valid Customer ID,Valid Claim ID
CUST1183,POL5183,CLM9183,43,Male,Gauteng,28268.07,2021-09-05,Health,2392.72,Lapsed,2024-05-22,4348.51,Approved,No,Valid Customer ID,Valid Claim ID
CUST1184,POL5184,CLM9184,35,Male,KwaZulu-Natal,27990,2022-09-01,Auto,912.36,Active,2025-09-15,20525.84,Approved,No,Valid Customer ID,Valid Claim ID
CUST1185,POL5185,CLM9185,35,Female,Limpopo,18934.41,2023-02-06,Health,1991.27,Active,2025-09-29,500,Approved,No,Valid Customer ID,Valid Claim ID
CUST1186,POL5186,CLM9186,18,Female,Gauteng,40496.36,2022-04-30,Life,953.57,Active,2024-10-25,55519.43,Rejected,Yes,Valid Customer ID,Valid Claim ID
CUST1187,POL5187,CLM9187,56,Female,Western Cape,29460.98,2021-02-27,Life,902.72,Active,2024-03-10,44782.4,Pending,No,Valid Customer ID,Valid Claim ID
CUST1188,POL5188,CLM9188,48,Male,Free State,22109.33,2023-07-18,Funeral,498.29,Active,2025-01-17,15917.91,Approved,No,Valid Customer ID,Valid Claim ID
CUST1189,POL5189,CLM9189,33,Female,KwaZulu-Natal,26858.68,2023-09-08,Health,1807.66,Active,2025-08-18,17434.99,Approved,No,Valid Customer ID,Valid Claim ID
CUST1190,POL5190,CLM9190,20,Female,North West,18514.09,2021-04-27,Home,1808,Active,2025-04-20,46866.8,Rejected,No,Valid Customer ID,Valid Claim ID
CUST1191,POL5191,CLM9191,39,Male,Western Cape,16684.28,2023-08-12,Auto,1059.34,Active,2024-10-27,null,Approved,No,Valid Customer ID,Valid Claim ID
CUST1192,POL5192,CLM9192,60,Male,Gauteng,71538.86,2022-10-15,Health,1990.08,Active,2025-07-10,13840.57,Approved,No,Valid Customer ID,Valid Claim ID
CUST1193,POL5193,CLM9193,48,Unknown,Mpumalanga,19358.46,2023-04-26,Health,1439.91,Lapsed,2024-12-05,11955.23,Rejected,Yes,Valid Customer ID,Valid Claim ID
CUST1194,POL5194,CLM9194,46,Female,Eastern Cape,39887.43,2021-06-06,Funeral,456.85,Active,2025-05-23,null,Pending,No,Valid Customer ID,Valid Claim ID
CUST1195,POL5195,CLM9195,46,Female,KwaZulu-Natal,33893.62,2021-05-13,Home,2093.72,Active,2024-07-03,38719.24,Approved,No,Valid Customer ID,Valid Claim ID
CUST1196,POL5196,CLM9196,46,Male,KwaZulu-Natal,8876.62,2024-03-06,Health,2256.75,Active,2025-03-12,3765,Approved,No,Valid Customer ID,Valid Claim ID
CUST1197,POL5197,CLM9197,32,Unknown,Eastern Cape,49472.19,2023-08-07,Auto,1162.47,Lapsed,2025-03-21,12791.27,Approved,No,Valid Customer ID,Valid Claim ID
CUST1198,POL5198,CLM9198,35,Male,KwaZulu-Natal,null,2024-12-04,Life,709.06,Active,2025-11-26,31347.08,Approved,No,Valid Customer ID,Valid Claim ID
CUST1199,POL5199,CLM9199,48,Male,Eastern Cape,42493.49,2022-12-01,Auto,703.83,Active,2025-01-10,4228.37,Rejected,No,Valid Customer ID,Valid Claim ID
CUST1200,POL5200,CLM9200,31,Male,Western Cape,30475.49,2020-11-30,Life,1368.36,Cancelled,2024-03-19,24331.26,Rejected,Yes,Valid Customer ID,Valid Claim ID
CUST1201,POL5201,CLM9201,26,Female,Mpumalanga,15154.96,2022-06-01,Auto,1706.18,Active,2025-05-26,5398.51,Rejected,No,Valid Customer ID,Valid Claim ID
CUST1202,POL5202,CLM9202,22,Unknown,Mpumalanga,35199.57,2024-01-13,Home,1449.67,Active,2025-09-18,28703.7,Approved,No,Valid Customer ID,Valid Claim ID
CUST1203,POL5203,CLM9203,37,Female,Limpopo,39564.66,2023-06-04,Auto,1197.13,Lapsed,2025-12-31,24552.22,Approved,No,Valid Customer ID,Valid Claim ID
CUST1204,POL5204,CLM9204,30,Female,North West,18332.43,2023-11-17,Home,1277.91,Active,2024-11-03,31996.22,Approved,No,Valid Customer ID,Valid Claim ID
CUST1205,POL5205,CLM9205,39,Male,North West,38397.55,2022-12-25,Life,1167.29,Active,2024-05-22,41232.35,Approved,No,Valid Customer ID,Valid Claim ID
CUST1206,POL5206,CLM9206,30,Male,North West,8665.38,2024-09-26,Life,892,Active,2025-07-18,75948.8,Rejected,No,Valid Customer ID,Valid Claim ID
CUST1207,POL5207,CLM9207,32,Male,KwaZulu-Natal,40034.23,2023-02-02,Health,2072.75,Cancelled,2025-06-22,8055.02,Approved,No,Valid Customer ID,Valid Claim ID
CUST1208,POL5208,CLM9208,35,Male,Western Cape,24083.36,2022-12-04,Funeral,310.24,Active,2025-11-27,21468.08,Approved,No,Valid Customer ID,Valid Claim ID
CUST1209,POL5209,CLM9209,24,Male,Western Cape,9485.59,2021-05-12,Health,2428.36,Cancelled,2024-05-07,12687.14,Rejected,Yes,Valid Customer ID,Valid Claim ID
CUST1210,POL5210,CLM9210,40,Female,Limpopo,69793.63,2022-09-25,Health,1911.88,Cancelled,2024-03-21,28452.35,Rejected,No,Valid Customer ID,Valid Claim ID
CUST1211,POL5211,CLM9211,45,Female,Western Cape,15138.39,2024-10-08,Life,1193.95,Active,2025-10-18,22346.91,Approved,No,Valid Customer ID,Valid Claim ID
CUST1212,POL5212,CLM9212,65,Male,Western Cape,34061.44,2025-04-08,Life,1205.35,Active,2025-07-31,52013.06,Approved,No,Valid Customer ID,Valid Claim ID
CUST1213,POL5213,CLM9213,18,Male,KwaZulu-Natal,28047.26,2024-07-24,Auto,1464.74,Active,2025-10-28,20426.15,Approved,No,Valid Customer ID,Valid Claim ID
CUST1214,POL5214,CLM9214,48,Female,Gauteng,24715.31,2022-01-21,Health,1230.85,Active,2024-11-05,23713.42,Approved,No,Valid Customer ID,Valid Claim ID
CUST1215,POL5215,CLM9215,43,Unknown,Mpumalanga,33448.23,2022-05-15,Health,2834.14,Active,2025-03-01,5599.69,Approved,No,Valid Customer ID,Valid Claim ID
CUST1216,POL5216,CLM9216,38,Female,Western Cape,28812.32,2022-08-26,Health,751.87,Active,2024-12-19,500,Rejected,No,Valid Customer ID,Valid Claim ID
CUST1217,POL5217,CLM9217,32,Female,KwaZulu-Natal,25416.64,2023-10-28,Health,776.66,Active,2024-09-10,10388.07,Approved,No,Valid Customer ID,Valid Claim ID
CUST1218,POL5218,CLM9218,30,Female,Free State,29147.94,2022-07-13,Funeral,360.06,Active,2024-06-12,18187.42,Pending,No,Valid Customer ID,Valid Claim ID
CUST1219,POL5219,CLM9219,34,Unknown,Limpopo,21287.1,2023-08-03,Home,1740.09,Active,2025-05-25,13609.71,Approved,No,Valid Customer ID,Valid Claim ID
CUST1220,POL5220,CLM9220,58,Male,Free State,24947.36,2024-08-20,Life,677.59,Cancelled,2024-12-27,61240.99,Approved,Yes,Valid Customer ID,Valid Claim ID
CUST1221,POL5221,CLM9221,44,Female,Mpumalanga,42428,2022-08-10,Life,677.02,Lapsed,2024-09-27,28888.74,Approved,No,Valid Customer ID,Valid Claim ID
CUST1222,POL5222,CLM9222,44,Female,Gauteng,8860.07,2023-11-07,Health,1360.49,Active,2025-07-20,14083.54,Approved,No,Valid Customer ID,Valid Claim ID
CUST1223,POL5223,CLM9223,42,Female,Mpumalanga,6092.76,2023-09-26,Home,1464.08,Active,2024-05-11,31631.21,Approved,No,Valid Customer ID,Valid Claim ID
CUST1224,POL5224,CLM9224,47,Female,North West,36574.56,2025-02-04,Home,1539,Active,2025-05-27,33464.84,Rejected,Yes,Valid Customer ID,Valid Claim ID
CUST1225,POL5225,CLM9225,43,Female,Eastern Cape,43273.73,2022-06-22,Life,1012,Active,2024-05-23,73141.44,Rejected,No,Valid Customer ID,Valid Claim ID
CUST1226,POL5226,CLM9226,44,Female,Western Cape,8409.71,2023-09-12,Health,839.98,Active,2025-08-30,27633.26,Rejected,No,Valid Customer ID,Valid Claim ID
CUST1227,POL5227,CLM9227,60,Female,Mpumalanga,28052,2021-11-21,Health,2904.89,Active,2024-04-22,16503.05,Approved,No,Valid Customer ID,Valid Claim ID
CUST1228,POL5228,CLM9228,35,Male,Eastern Cape,32792.73,2022-04-21,Auto,1893.96,Active,2025-08-15,23302.33,Pending,No,Valid Customer ID,Valid Claim ID
CUST1229,POL5229,CLM9229,43,Male,Eastern Cape,25137.4,2024-02-27,Auto,1964.42,Active,2025-01-24,13709.23,Approved,No,Valid Customer ID,Valid Claim ID
CUST1230,POL5230,CLM9230,45,Male,Gauteng,16739.58,2023-05-25,Life,1013.29,Active,2025-03-27,41463.6,Approved,No,Valid Customer ID,Valid Claim ID
CUST1231,POL5231,CLM9231,37,Female,Limpopo,6319.34,2023-04-27,Health,1929.07,Active,2024-03-04,18996.14,Pending,No,Valid Customer ID,Valid Claim ID
CUST1232,POL5232,CLM9232,33,Female,Eastern Cape,23073.1,2023-06-29,Life,835.97,Active,2025-06-29,28319.43,Approved,No,Valid Customer ID,Valid Claim ID
CUST1233,POL5233,CLM9233,45,Female,Eastern Cape,3500,2022-11-18,Auto,1224.13,Active,2024-08-18,8461.48,Approved,No,Valid Customer ID,Valid Claim ID
CUST1234,POL5234,CLM9234,49,Male,Eastern Cape,20306.44,2023-01-27,Health,1718.67,Active,2024-10-07,15856.53,Pending,No,Valid Customer ID,Valid Claim ID
CUST1235,POL5235,CLM9235,35,Female,Free State,39832.21,2024-06-30,Home,2366.85,Cancelled,2024-10-24,5554,Rejected,No,Valid Customer ID,Valid Claim ID
CUST1236,POL5236,CLM9236,56,Unknown,North West,24164.1,2023-05-22,Funeral,616.25,Active,2024-08-07,6993.32,Rejected,No,Valid Customer ID,Valid Claim ID
CUST1237,POL5237,CLM9237,41,Female,Mpumalanga,12637.76,2024-04-25,Auto,1143.9,Active,2024-09-05,25916.67,Approved,No,Valid Customer ID,Valid Claim ID
CUST1238,POL5238,CLM9238,31,Male,Limpopo,24772.66,2020-05-18,Auto,1762.9,Active,2024-04-12,24472.92,Approved,No,Valid Customer ID,Valid Claim ID
CUST1239,POL5239,CLM9239,44,Male,Western Cape,null,2021-08-10,Health,2375.03,Cancelled,2025-05-03,4507.95,Rejected,No,Valid Customer ID,Valid Claim ID
CUST1240,POL5240,CLM9240,18,Female,North West,3500,2022-07-12,Health,null,Active,2025-10-29,8919.83,Rejected,No,Valid Customer ID,Valid Claim ID
CUST1241,POL5241,CLM9241,47,Male,Western Cape,31015.55,2021-10-17,Health,4455.74,Lapsed,2024-02-07,11635.9,Pending,No,Valid Customer ID,Valid Claim ID
CUST1242,POL5242,CLM9242,22,Male,Mpumalanga,38508.11,2022-05-04,Funeral,null,Active,2024-04-19,25091.65,Approved,No,Valid Customer ID,Valid Claim ID
CUST1243,POL5243,CLM9243,37,Female,Western Cape,37361.17,2022-05-19,Funeral,326.64,Active,2024-04-25,15288.28,Approved,Yes,Valid Customer ID,Valid Claim ID
CUST1244,POL5244,CLM9244,56,Female,Western Cape,41796.3,2024-09-22,Auto,1654.2,Active,2025-11-21,31990.37,Approved,No,Valid Customer ID,Valid Claim ID
CUST1245,POL5245,CLM9245,49,Female,Free State,21469,2023-08-26,Life,1031.01,Active,2024-07-08,15651.48,Approved,No,Valid Customer ID,Valid Claim ID
CUST1246,POL5246,CLM9246,44,Male,Gauteng,49294.09,2023-02-24,Auto,1017.88,Active,2024-12-03,7490,Rejected,No,Valid Customer ID,Valid Claim ID
CUST1247,POL5247,CLM9247,52,Male,Mpumalanga,24376.04,2021-08-22,Life,494.85,Active,2024-05-01,80770.97,Approved,No,Valid Customer ID,Valid Claim ID
CUST1248,POL5248,CLM9248,52,Female,Mpumalanga,16151.58,2021-07-03,Life,1016.01,Active,2025-01-11,27719.17,Pending,No,Valid Customer ID,Valid Claim ID
CUST1249,POL5249,CLM9249,26,Male,Eastern Cape,61763.47,2022-01-02,Auto,1880.74,Active,2025-03-01,18736.06,Approved,No,Valid Customer ID,Valid Claim ID
CUST1250,POL5250,CLM9250,18,Male,Limpopo,15954.61,2022-11-21,Life,1089.14,Active,2025-06-22,36519.76,Rejected,No,Valid Customer ID,Valid Claim ID
CUST1251,POL5251,CLM9251,24,Female,KwaZulu-Natal,8440.35,2024-03-14,Funeral,295.86,Active,2025-06-01,20923.4,Rejected,No,Valid Customer ID,Valid Claim ID
CUST1252,POL5252,CLM9252,18,Male,Western Cape,22560.71,2021-03-23,Health,2369.53,Active,2024-07-29,15628,Approved,No,Valid Customer ID,Valid Claim ID
CUST1253,POL5253,CLM9253,35,Female,Gauteng,30386.49,2020-12-12,Health,1976.03,Active,2024-02-29,17716.88,Approved,No,Valid Customer ID,Valid Claim ID
CUST1254,POL5254,CLM9254,43,Female,Gauteng,44761.46,2025-02-17,Health,1674.34,Lapsed,2025-08-15,7555.63,Rejected,Yes,Valid Customer ID,Valid Claim ID
CUST1255,POL5255,CLM9255,42,Male,Gauteng,23339.95,2022-05-26,Funeral,561,Active,2024-02-02,24215.09,Pending,No,Valid Customer ID,Valid Claim ID
CUST1256,POL5256,CLM9256,41,Male,Free State,50846,2022-11-14,Health,3190.84,Lapsed,2025-01-21,21604.25,Approved,Yes,Valid Customer ID,Valid Claim ID
CUST1257,POL5257,CLM9257,36,Male,North West,32340,2023-01-10,Auto,1330.19,Cancelled,2024-05-10,25217.27,Approved,No,Valid Customer ID,Valid Claim ID
CUST1258,POL5258,CLM9258,50,Unknown,Mpumalanga,36169.62,2023-09-11,Health,2447.91,Active,2025-01-23,6163.18,Approved,No,Valid Customer ID,Valid Claim ID
CUST1259,POL5259,CLM9259,43,Female,Western Cape,3500,2024-01-21,Auto,943.38,Cancelled,2024-04-25,20389,Rejected,No,Valid Customer ID,Valid Claim ID
CUST1260,POL5260,CLM9260,33,Female,Gauteng,19429.66,2021-10-26,Auto,1521.92,Active,2025-04-02,30523.87,Approved,No,Valid Customer ID,Valid Claim ID
CUST1261,POL5261,CLM9261,19,Male,Limpopo,48929.14,2024-03-18,Home,1140.48,Active,2024-08-10,24810.87,Approved,Yes,Valid Customer ID,Valid Claim ID
CUST1262,POL5262,CLM9262,43,Male,North West,34580.62,2022-11-21,Life,922.33,Active,2024-08-30,38253.2,Rejected,No,Valid Customer ID,Valid Claim ID
CUST1264,POL5264,CLM9264,37,Female,Gauteng,22176.46,2023-08-09,Funeral,229.73,Cancelled,2025-06-21,17093.77,Approved,No,Valid Customer ID,Valid Claim ID
CUST1265,POL5265,CLM9265,49,Female,Western Cape,35310,2023-05-01,Health,1901.53,Active,2024-09-03,19143.63,Approved,No,Valid Customer ID,Valid Claim ID
CUST1266,POL5266,CLM9266,64,Male,Eastern Cape,19353.02,2022-07-05,Funeral,305.32,Active,2025-07-24,21673.19,Rejected,Yes,Valid Customer ID,Valid Claim ID
CUST1267,POL5267,CLM9267,28,Male,North West,18522.07,2021-03-05,Life,1175.1,Cancelled,2024-04-04,72418.3,Rejected,No,Valid Customer ID,Valid Claim ID
CUST1268,POL5268,CLM9268,20,Male,Gauteng,20657.73,2023-01-25,Auto,1092.64,Active,2024-03-15,24604.43,Approved,No,Valid Customer ID,Valid Claim ID
CUST1269,POL5269,CLM9269,47,Male,Eastern Cape,27453.73,2022-10-10,Auto,1203.73,Cancelled,2024-01-16,19800.06,Approved,No,Valid Customer ID,Valid Claim ID
CUST1270,POL5270,CLM9270,39,Male,Eastern Cape,68157.64,2023-09-09,Funeral,402.96,Active,2025-02-10,15788.95,Approved,No,Valid Customer ID,Valid Claim ID
CUST1271,POL5271,CLM9271,46,Female,Unknown,42813.66,2022-01-19,Health,2188.85,Active,2025-01-03,10095.12,Approved,No,Valid Customer ID,Valid Claim ID
CUST1272,POL5272,CLM9272,46,Female,KwaZulu-Natal,55177.04,2023-09-04,Home,1891,Active,2024-11-23,15004.71,Rejected,No,Valid Customer ID,Valid Claim ID
CUST1273,POL5273,CLM9273,51,Female,Gauteng,29880.15,2021-07-19,Life,735,Active,2024-09-24,72061.56,Approved,Unknown,Valid Customer ID,Valid Claim ID
CUST1274,POL5274,CLM9274,32,Female,Mpumalanga,23967.46,2021-10-22,Auto,1846.49,Active,2024-09-08,7784.53,Approved,No,Valid Customer ID,Valid Claim ID
CUST1275,POL5275,CLM9275,42,Female,Mpumalanga,14869.04,2022-09-17,Home,2077.62,Active,2025-05-17,11817.51,Rejected,No,Valid Customer ID,Valid Claim ID
CUST1276,POL5276,CLM9276,61,Female,Western Cape,13793.37,2021-11-03,Auto,1223.49,Active,2025-07-09,40040.39,Approved,No,Valid Customer ID,Valid Claim ID
CUST1277,POL5277,CLM9277,51,Male,KwaZulu-Natal,34652.35,2024-04-21,Funeral,459.65,Active,2025-02-26,5947.23,Rejected,No,Valid Customer ID,Valid Claim ID
CUST1279,POL5279,CLM9279,46,Female,Unknown,26082.06,2020-12-30,Auto,1168.21,Active,2024-01-18,16426.5,Approved,No,Valid Customer ID,Valid Claim ID
CUST1280,POL5280,CLM9280,26,Female,Gauteng,4377.18,2023-10-27,Life,772.74,Active,2024-07-02,47359.17,Approved,No,Valid Customer ID,Valid Claim ID
CUST1281,POL5281,CLM9281,54,Male,Limpopo,53301,2022-06-11,Auto,761.07,Active,2024-09-30,11081.41,Rejected,No,Valid Customer ID,Valid Claim ID
CUST1282,POL5282,CLM9282,51,Female,Eastern Cape,20104.74,2025-05-20,Life,1165,Cancelled,2025-12-01,43638.02,Approved,No,Valid Customer ID,Valid Claim ID
CUST1283,POL5283,CLM9283,44,Male,KwaZulu-Natal,48847.58,2025-08-26,Health,1857.36,Active,2025-10-14,15487.8,Approved,No,Valid Customer ID,Valid Claim ID
CUST1284,POL5284,CLM9284,36,Male,Eastern Cape,56656.07,2021-03-23,Home,1225.57,Active,2024-04-07,10488.5,Approved,No,Valid Customer ID,Valid Claim ID
CUST1285,POL5285,CLM9285,32,Male,Limpopo,26918.91,2024-06-01,Funeral,380.31,Active,2024-10-04,22077.35,Approved,No,Valid Customer ID,Valid Claim ID
CUST1286,POL5286,CLM9286,44,Female,Gauteng,26629.19,2021-03-17,Auto,2145.35,Lapsed,2024-07-31,20780.8,Approved,Yes,Valid Customer ID,Valid Claim ID
CUST1287,POL5287,CLM9287,46,Unknown,KwaZulu-Natal,12025.88,2021-03-19,Health,1617.02,Active,2025-02-02,10978.76,Approved,No,Valid Customer ID,Valid Claim ID
CUST1288,POL5288,CLM9288,50,Female,Free State,22731.79,2021-05-01,Home,2453.78,Active,2024-03-21,21058.12,Pending,No,Valid Customer ID,Valid Claim ID
CUST1289,POL5289,CLM9289,33,Unknown,Gauteng,24938.85,2022-03-04,Auto,1318.01,Active,2025-09-11,5796.45,Approved,No,Valid Customer ID,Valid Claim ID
CUST1290,POL5290,CLM9290,35,Female,North West,3500,2024-01-06,Auto,1223.54,Active,2025-05-17,24316.81,Pending,No,Valid Customer ID,Valid Claim ID
CUST1291,POL5291,CLM9291,44,Female,Free State,20505.57,2023-12-31,Auto,1529.02,Active,2025-09-25,14612,Approved,No,Valid Customer ID,Valid Claim ID
CUST1292,POL5292,CLM9292,33,Male,KwaZulu-Natal,8785.48,2022-03-02,Auto,1463.04,Active,2024-06-06,9670.65,Rejected,No,Valid Customer ID,Valid Claim ID
CUST1293,POL5293,CLM9293,30,Male,KwaZulu-Natal,33941.52,2024-02-07,Auto,1797.83,Active,2024-10-03,33477.08,Approved,No,Valid Customer ID,Valid Claim ID
CUST1294,POL5294,CLM9294,18,Male,Free State,13281.66,2023-06-28,Health,3214.62,Active,2024-01-27,17431.58,Approved,No,Valid Customer ID,Valid Claim ID
CUST1295,POL5295,CLM9295,42,Male,North West,48314.02,2021-01-07,Funeral,432.45,Active,2024-03-27,4592.84,Approved,No,Valid Customer ID,Valid Claim ID
CUST1296,POL5296,CLM9296,42,Male,Western Cape,63161.79,2021-11-27,Life,1110.14,Active,2024-10-01,31378.25,Rejected,Yes,Valid Customer ID,Valid Claim ID
CUST1297,POL5297,CLM9297,49,Female,Free State,28723.25,2021-02-07,Health,2744.59,Lapsed,2024-09-09,14566.29,Approved,No,Valid Customer ID,Valid Claim ID
CUST1298,POL5298,CLM9298,29,Male,Eastern Cape,19064.04,2021-05-16,Auto,1064.62,Active,2024-12-06,6382.5,Pending,No,Valid Customer ID,Valid Claim ID
CUST1299,POL5299,CLM9299,52,Female,Eastern Cape,22452.78,2024-10-27,Health,2462.47,Lapsed,2025-08-31,4212.97,Rejected,No,Valid Customer ID,Valid Claim ID
CUST1300,POL5300,CLM9300,29,Male,Eastern Cape,17932.47,2020-11-02,Health,2100.41,Cancelled,2024-10-25,1203.39,Pending,No,Valid Customer ID,Valid Claim ID
CUST1301,POL5301,CLM9301,37,Male,North West,null,2021-01-28,Health,2540.78,Lapsed,2024-04-26,1017.12,Approved,No,Valid Customer ID,Valid Claim ID
CUST1302,POL5302,CLM9302,59,Male,Gauteng,14729.5,2023-07-07,Funeral,421.57,Active,2025-03-24,15600.91,Approved,No,Valid Customer ID,Valid Claim ID
CUST1303,POL5303,CLM9303,35,Male,Free State,33180.86,2020-12-07,Life,825.77,Active,2024-09-15,24947.16,Rejected,Yes,Valid Customer ID,Valid Claim ID
CUST1304,POL5304,CLM9304,47,Female,KwaZulu-Natal,21964.24,2022-07-30,Health,2430.48,Active,2025-07-01,12057.43,Approved,No,Valid Customer ID,Valid Claim ID
CUST1305,POL5305,CLM9305,35,Female,Gauteng,17807,2022-02-03,Home,1033.96,Active,2025-07-03,38353.49,Rejected,No,Valid Customer ID,Valid Claim ID
CUST1306,POL5306,CLM9306,26,Male,KwaZulu-Natal,39482.21,2022-04-19,Home,1532.39,Active,2025-10-24,28144.34,Approved,Yes,Valid Customer ID,Valid Claim ID
CUST1307,POL5307,CLM9307,45,Female,North West,16092.51,2023-05-26,Funeral,414,Active,2024-09-21,12109.48,Approved,No,Valid Customer ID,Valid Claim ID
CUST1308,POL5308,CLM9308,32,Male,Eastern Cape,32657,2023-01-19,Health,1966.37,Active,2025-12-08,10877,Approved,No,Valid Customer ID,Valid Claim ID
CUST1309,POL5309,CLM9309,43,Male,Eastern Cape,28552.26,2023-06-13,Auto,847.43,Active,2024-04-28,16497.54,Pending,No,Valid Customer ID,Valid Claim ID
CUST1310,POL5310,CLM9310,49,Female,Eastern Cape,51844,2021-09-25,Home,1862.23,Active,2024-04-09,36296.17,Approved,No,Valid Customer ID,Valid Claim ID
CUST1311,POL5311,CLM9311,18,Female,North West,30030.89,2022-01-22,Auto,1627.61,Active,2024-01-24,5193.55,Approved,No,Valid Customer ID,Valid Claim ID
CUST1312,POL5312,CLM9312,28,Male,Limpopo,25458.96,2022-07-10,Life,1307.21,Active,2025-03-12,36931.96,Approved,No,Valid Customer ID,Valid Claim ID
CUST1313,POL5313,CLM9313,40,Female,Western Cape,56589.06,2024-07-13,Auto,1447.08,Active,2025-09-20,25821.16,Approved,No,Valid Customer ID,Valid Claim ID
CUST1314,POL5314,CLM9314,46,Female,Free State,null,2025-07-16,Auto,1700.64,Active,2025-12-21,22479.65,Approved,No,Valid Customer ID,Valid Claim ID
CUST1315,POL5315,CLM9315,37,Male,North West,23426.25,2022-05-02,Health,1396.66,Active,2025-05-16,13448.5,Approved,No,Valid Customer ID,Valid Claim ID
CUST1316,POL5316,CLM9316,41,Female,Free State,24630.69,2021-09-27,Life,908.92,Active,2025-04-13,16195.12,Approved,No,Valid Customer ID,Valid Claim ID
CUST1317,POL5317,CLM9317,29,Female,KwaZulu-Natal,35190.6,2023-03-22,Life,1113.74,Active,2024-04-29,46758.07,Approved,No,Valid Customer ID,Valid Claim ID
CUST1318,POL5318,CLM9318,34,Male,Free State,26267.79,2021-09-17,Health,1389.58,Active,2024-07-09,6639.08,Approved,No,Valid Customer ID,Valid Claim ID
CUST1319,POL5319,CLM9319,52,Unknown,Western Cape,34732.71,2021-09-16,Health,1783.02,Active,2025-04-06,21901.23,Approved,No,Valid Customer ID,Valid Claim ID
CUST1320,POL5320,CLM9320,32,Female,Gauteng,18062.95,2022-08-29,Health,0,Active,2025-07-29,10800.47,Approved,No,Valid Customer ID,Valid Claim ID
CUST1321,POL5321,CLM9321,53,Female,Eastern Cape,12499.8,2020-12-24,Health,2009.22,Lapsed,2024-03-25,8384.41,Approved,Yes,Valid Customer ID,Valid Claim ID
CUST1322,POL5322,CLM9322,34,Female,Gauteng,17801.54,2022-01-11,Auto,1461.83,Active,2025-04-13,19498.73,Approved,No,Valid Customer ID,Valid Claim ID
CUST1323,POL5323,CLM9323,49,Female,KwaZulu-Natal,31402.07,2021-11-27,Life,1025.43,Active,2025-01-10,54653.24,Approved,No,Valid Customer ID,Valid Claim ID
CUST1324,POL5324,CLM9324,40,Male,Eastern Cape,39894.57,2024-05-13,Life,750.01,Cancelled,2025-10-31,57789.88,Approved,Yes,Valid Customer ID,Valid Claim ID
CUST1325,POL5325,CLM9325,32,Female,Mpumalanga,26179.16,2022-12-02,Health,1534.47,Lapsed,2024-04-30,16687,Approved,No,Valid Customer ID,Valid Claim ID
CUST1326,POL5326,CLM9326,50,Female,Unknown,16170.82,2024-03-01,Auto,825.34,Active,2024-07-30,17435.56,Approved,No,Valid Customer ID,Valid Claim ID
CUST1327,POL5327,CLM9327,36,Female,Western Cape,23290.58,2021-10-13,Health,2377,Active,2024-09-30,19100.03,Approved,No,Valid Customer ID,Valid Claim ID
CUST1328,POL5328,CLM9328,52,Male,Western Cape,9341.12,2021-01-06,Funeral,278.36,Lapsed,2024-10-10,16569.12,Rejected,Yes,Valid Customer ID,Valid Claim ID
CUST1329,POL5329,CLM9329,35,Male,Western Cape,10093.57,2023-08-12,Home,1856.73,Lapsed,2025-11-23,39402.01,Rejected,No,Valid Customer ID,Valid Claim ID
CUST1330,POL5330,CLM9330,30,Female,Free State,54466.17,2021-12-02,Health,null,Active,2024-04-05,28122.2,Rejected,No,Valid Customer ID,Valid Claim ID
CUST1331,POL5331,CLM9331,42,Female,North West,29213.77,2021-08-11,Health,2214.95,Active,2024-04-05,22900.5,Approved,No,Valid Customer ID,Valid Claim ID
CUST1332,POL5332,CLM9332,41,Female,KwaZulu-Natal,3500,2021-09-26,Home,1251.42,Active,2024-08-04,1219,Pending,No,Valid Customer ID,Valid Claim ID
CUST1333,POL5333,CLM9333,18,Female,North West,23515.83,2021-01-20,Life,734.13,Active,2024-12-17,55666,Rejected,No,Valid Customer ID,Valid Claim ID
CUST1334,POL5334,CLM9334,33,Unknown,KwaZulu-Natal,36866.58,2021-11-20,Life,703.75,Lapsed,2024-06-10,57531.02,Approved,No,Valid Customer ID,Valid Claim ID
CUST1335,POL5335,CLM9335,62,Female,Limpopo,8068.44,2023-11-16,Funeral,256.26,Cancelled,2024-11-05,5502.64,Rejected,No,Valid Customer ID,Valid Claim ID
CUST1336,POL5336,CLM9336,26,Female,KwaZulu-Natal,3500,2024-10-23,Life,1079.24,Active,2025-10-26,58785.81,Approved,Yes,Valid Customer ID,Valid Claim ID
CUST1337,POL5337,CLM9337,49,Male,Free State,22188.6,2024-10-26,Life,923.91,Active,2025-05-03,48507.16,Rejected,Yes,Valid Customer ID,Valid Claim ID
CUST1338,POL5338,CLM9338,55,Female,Gauteng,34280.9,2021-03-18,Auto,1686.7,Active,2025-03-08,21025.95,Approved,No,Valid Customer ID,Valid Claim ID
CUST1339,POL5339,CLM9339,25,Male,Limpopo,42755.8,2022-09-26,Health,1677.16,Active,2024-11-16,9095.07,Approved,No,Valid Customer ID,Valid Claim ID
CUST1340,POL5340,CLM9340,45,Male,Free State,18225.2,2025-01-06,Home,1499.06,Active,2025-11-24,12816.55,Approved,No,Valid Customer ID,Valid Claim ID
CUST1341,POL5341,CLM9341,37,Male,Western Cape,31101.82,2022-01-13,Health,1480.83,Active,2024-06-04,500,Approved,No,Valid Customer ID,Valid Claim ID
CUST1342,POL5342,CLM9342,38,Female,Limpopo,31403.73,2023-06-02,Auto,1247.02,Active,2025-08-26,10614.97,Rejected,No,Valid Customer ID,Valid Claim ID
CUST1343,POL5343,CLM9343,36,Female,North West,3500,2021-07-06,Home,1538.21,Active,2024-09-11,15430.95,Approved,No,Valid Customer ID,Valid Claim ID
CUST1344,POL5344,CLM9344,30,Female,Gauteng,51186.92,2021-12-20,Home,2172.35,Active,2025-06-14,36695.64,Approved,No,Valid Customer ID,Valid Claim ID
CUST1345,POL5345,CLM9345,45,Female,Mpumalanga,50937.04,2021-10-25,Life,570.27,Lapsed,2024-09-02,49384,Rejected,No,Valid Customer ID,Valid Claim ID
CUST1346,POL5346,CLM9346,39,Male,Eastern Cape,17543.07,2021-12-05,Life,1081.63,Active,2024-01-13,null,Rejected,No,Valid Customer ID,Valid Claim ID
CUST1347,POL5347,CLM9347,34,Male,Free State,null,2024-11-12,Funeral,164.86,Active,2025-11-30,16949.03,Approved,No,Valid Customer ID,Valid Claim ID
CUST1348,POL5348,CLM9348,38,Male,Gauteng,32297.74,2021-11-08,Life,null,Active,2024-03-02,51470.56,Approved,No,Valid Customer ID,Valid Claim ID
CUST1349,POL5349,CLM9349,34,Female,Free State,27116.28,2024-10-15,Home,508.12,Active,2025-09-22,500,Approved,No,Valid Customer ID,Valid Claim ID
CUST1350,POL5350,CLM9350,41,Female,KwaZulu-Natal,12737.08,2023-08-04,Life,977.63,Active,2025-07-03,24731.03,Rejected,No,Valid Customer ID,Valid Claim ID
CUST1351,POL5351,CLM9351,47,Male,Mpumalanga,3500,2022-09-17,Life,1414.16,Active,2024-02-29,60205.94,Rejected,Yes,Valid Customer ID,Valid Claim ID
CUST1352,POL5352,CLM9352,23,Female,Gauteng,35279,2024-03-08,Health,2351.82,Active,2024-05-02,7113.14,Rejected,No,Valid Customer ID,Valid Claim ID
CUST1353,POL5353,CLM9353,54,Male,Western Cape,23137.77,2023-09-17,Health,2053.06,Active,2024-09-22,12201.69,Approved,No,Valid Customer ID,Valid Claim ID
CUST1354,POL5354,CLM9354,44,Female,KwaZulu-Natal,27194.75,2021-09-29,Home,1108.77,Active,2024-10-05,24899.53,Rejected,Yes,Valid Customer ID,Valid Claim ID
CUST1356,POL5356,CLM9356,24,Female,KwaZulu-Natal,12883.69,2025-05-01,Funeral,341.83,Active,2025-06-05,19838.61,Approved,Yes,Valid Customer ID,Valid Claim ID
CUST1357,POL5357,CLM9357,30,Male,Gauteng,30845.3,2020-12-01,Health,2211.41,Active,2024-02-06,500,Approved,No,Valid Customer ID,Valid Claim ID
CUST1358,POL5358,CLM9358,27,Female,Limpopo,29767.75,2024-03-29,Health,1624.49,Active,2024-10-04,1541.04,Rejected,No,Valid Customer ID,Valid Claim ID
CUST1359,POL5359,CLM9359,36,Male,Gauteng,21495.86,2024-08-27,Auto,1365.53,Lapsed,2025-02-14,27556,Pending,No,Valid Customer ID,Valid Claim ID
CUST1360,POL5360,CLM9360,38,Female,Mpumalanga,26498.29,2022-11-05,Health,1453.99,Active,2024-07-24,25595.49,Approved,No,Valid Customer ID,Valid Claim ID
CUST1361,POL5361,CLM9361,47,Female,Limpopo,30791.94,2021-05-27,Health,1712.66,Active,2024-07-19,19529.45,Approved,No,Valid Customer ID,Valid Claim ID
CUST1362,POL5362,CLM9362,31,Male,Western Cape,28382.39,2021-04-28,Auto,1333.42,Active,2024-12-20,18451.19,Approved,No,Valid Customer ID,Valid Claim ID
CUST1363,POL5363,CLM9363,41,Male,North West,23463.05,2024-03-13,Auto,1557,Active,2024-11-10,29357.07,Rejected,No,Valid Customer ID,Valid Claim ID
CUST1364,POL5364,CLM9364,31,Male,Free State,31125.79,2024-05-05,Health,1772.37,Active,2025-12-29,500,Pending,No,Valid Customer ID,Valid Claim ID
CUST1365,POL5365,CLM9365,40,Male,Free State,30466.66,2020-11-24,Home,1418.04,Active,2024-03-27,32178.6,Rejected,Yes,Valid Customer ID,Valid Claim ID
CUST1366,POL5366,CLM9366,42,Female,KwaZulu-Natal,20541.84,2022-12-16,Life,724.83,Active,2024-05-13,64294.74,Approved,No,Valid Customer ID,Valid Claim ID
CUST1367,POL5367,CLM9367,37,Female,Free State,39856.35,2023-05-16,Home,1994.28,Active,2024-10-05,28406,Approved,No,Valid Customer ID,Valid Claim ID
CUST1368,POL5368,CLM9368,41,Male,Western Cape,3500,2021-11-10,Home,1111.28,Active,2024-06-17,30204.44,Approved,No,Valid Customer ID,Valid Claim ID
CUST1369,POL5369,CLM9369,40,Female,KwaZulu-Natal,21240.41,2022-03-09,Life,1006.67,Cancelled,2024-11-11,40094.2,Rejected,Yes,Valid Customer ID,Valid Claim ID
CUST1370,POL5370,CLM9370,24,Male,Unknown,31124.14,2024-01-03,Home,1257.39,Active,2024-12-01,20060.41,Approved,No,Valid Customer ID,Valid Claim ID
CUST1371,POL5371,CLM9371,51,Male,North West,32152,2024-03-26,Health,2273.24,Active,2024-06-27,21508.77,Approved,No,Valid Customer ID,Valid Claim ID
CUST1372,POL5372,CLM9372,32,Female,Limpopo,11810.18,2024-03-11,Auto,1647.53,Active,2024-05-04,30196.26,Rejected,No,Valid Customer ID,Valid Claim ID
CUST1373,POL5373,CLM9373,33,Male,Western Cape,38591.91,2025-04-03,Auto,861.93,Active,2025-10-22,23257.2,Approved,No,Valid Customer ID,Valid Claim ID
CUST1374,POL5374,CLM9374,48,Female,KwaZulu-Natal,28018.56,2024-06-10,Auto,1488.4,Active,2025-03-30,null,Rejected,Yes,Valid Customer ID,Valid Claim ID
CUST1375,POL5375,CLM9375,28,Female,KwaZulu-Natal,9064.88,2023-02-05,Auto,796,Active,2025-08-10,20523.36,Approved,No,Valid Customer ID,Valid Claim ID
CUST1376,POL5376,CLM9376,32,Female,Eastern Cape,14902,2023-06-21,Auto,1287.73,Active,2024-08-07,9470.61,Approved,Unknown,Valid Customer ID,Valid Claim ID
CUST1377,POL5377,CLM9377,51,Female,Western Cape,44020.1,2021-12-13,Auto,864.25,Active,2024-10-29,26979.51,Approved,No,Valid Customer ID,Valid Claim ID
CUST1378,POL5378,CLM9378,41,Female,Gauteng,23753.1,2022-10-10,Auto,1273.4,Active,2025-10-20,12322.16,Approved,No,Valid Customer ID,Valid Claim ID
CUST1379,POL5379,CLM9379,43,Male,Free State,24765.03,2023-05-08,Home,1165.23,Active,2025-05-11,19548.25,Approved,No,Valid Customer ID,Valid Claim ID
CUST1380,POL5380,CLM9380,27,Female,Free State,52066.57,2022-06-05,Auto,1036.28,Active,2024-01-31,6322.76,Approved,No,Valid Customer ID,Valid Claim ID
CUST1381,POL5381,CLM9381,47,Female,North West,null,2022-10-23,Home,2419.24,Cancelled,2024-04-12,25929,Pending,No,Valid Customer ID,Valid Claim ID
CUST1382,POL5382,CLM9382,36,Female,Gauteng,44703.58,2023-01-07,Home,1114.07,Cancelled,2025-02-01,25902.64,Approved,No,Valid Customer ID,Valid Claim ID
CUST1383,POL5383,CLM9383,35,Male,Western Cape,46077.83,2021-08-10,Auto,1497.62,Active,2025-01-02,30461.09,Rejected,Yes,Valid Customer ID,Valid Claim ID
CUST1384,POL5384,CLM9384,46,Male,Limpopo,16255.5,2023-09-16,Home,1369.43,Lapsed,2025-07-09,25800.68,Rejected,Yes,Valid Customer ID,Valid Claim ID
CUST1385,POL5385,CLM9385,34,Male,Limpopo,52167.17,2021-05-28,Life,1039.06,Active,2024-12-05,52655.78,Approved,No,Valid Customer ID,Valid Claim ID
CUST1386,POL5386,CLM9386,43,Male,North West,39728.7,2024-06-29,Home,1050.86,Cancelled,2024-11-27,23292.12,Rejected,Yes,Valid Customer ID,Valid Claim ID
CUST1387,POL5387,CLM9387,46,Male,Unknown,50628.2,2021-04-02,Home,1496.78,Lapsed,2025-01-17,34441.28,Pending,No,Valid Customer ID,Valid Claim ID
CUST1388,POL5388,CLM9388,35,Male,North West,14826,2021-07-23,Health,1618.63,Active,2025-03-23,17747.34,Approved,No,Valid Customer ID,Valid Claim ID
CUST1389,POL5389,CLM9389,29,Female,Western Cape,28497.93,2023-08-22,Home,null,Active,2025-09-20,36337.24,Rejected,No,Valid Customer ID,Valid Claim ID
CUST1390,POL5390,CLM9390,36,Male,Unknown,19930.13,2020-09-16,Health,1680.3,Active,2024-01-02,500,Approved,No,Valid Customer ID,Valid Claim ID
CUST1391,POL5391,CLM9391,49,Male,Western Cape,35376.57,2020-12-14,Life,1077.54,Cancelled,2024-08-14,18986.31,Pending,No,Valid Customer ID,Valid Claim ID
CUST1392,POL5392,CLM9392,45,Female,Western Cape,26198.77,2023-11-16,Health,1809.53,Active,2024-11-23,15277.09,Approved,Unknown,Valid Customer ID,Valid Claim ID
CUST1393,POL5393,CLM9393,65,Male,North West,44579.59,2022-02-22,Health,2167.08,Active,2024-03-10,11352.66,Approved,No,Valid Customer ID,Valid Claim ID
CUST1394,POL5394,CLM9394,56,Male,Gauteng,28270.82,2022-01-24,Auto,934,Active,2024-06-19,27099.48,Approved,No,Valid Customer ID,Valid Claim ID
CUST1395,POL5395,CLM9395,44,Female,North West,34941.27,2021-11-20,Life,1351.08,Active,2025-08-14,46760.64,Approved,No,Valid Customer ID,Valid Claim ID
CUST1396,POL5396,CLM9396,36,Male,Western Cape,null,2022-03-10,Health,2276.98,Lapsed,2024-01-21,1840.01,Approved,No,Valid Customer ID,Valid Claim ID
CUST1397,POL5397,CLM9397,28,Male,KwaZulu-Natal,31493.67,2021-01-22,Health,1948.34,Lapsed,2024-03-17,17164.7,Approved,No,Valid Customer ID,Valid Claim ID
CUST1398,POL5398,CLM9398,38,Male,North West,44834.32,2021-08-02,Life,1019.77,Active,2024-02-01,null,Approved,No,Valid Customer ID,Valid Claim ID
CUST1399,POL5399,CLM9399,18,Male,Free State,null,2022-02-26,Auto,1257,Active,2024-07-13,5991.94,Approved,No,Valid Customer ID,Valid Claim ID
CUST1400,POL5400,CLM9400,44,Female,Mpumalanga,27196.46,2022-09-15,Health,1675.25,Active,2025-07-16,23418.44,Approved,No,Valid Customer ID,Valid Claim ID
CUST1401,POL5401,CLM9401,46,Female,Unknown,16744.72,2022-11-28,Health,1951.35,Active,2025-09-06,10733.56,Approved,No,Valid Customer ID,Valid Claim ID
CUST1402,POL5402,CLM9402,17,Male,Limpopo,31377.36,2022-07-07,Auto,1380,Active,2024-04-28,6729.8,Approved,No,Valid Customer ID,Valid Claim ID
CUST1403,POL5403,CLM9403,33,Female,Eastern Cape,17377.29,2023-12-20,Funeral,432.27,Active,2025-01-31,10823.2,Approved,No,Valid Customer ID,Valid Claim ID
CUST1404,POL5404,CLM9404,32,Female,North West,34711.05,2023-05-22,Auto,431.31,Active,2024-09-26,40265,Approved,No,Valid Customer ID,Valid Claim ID
CUST1405,POL5405,CLM9405,33,Male,Western Cape,16434.43,2021-11-06,Home,841.9,Active,2024-12-18,62922.32,Approved,No,Valid Customer ID,Valid Claim ID
CUST1406,POL5406,CLM9406,25,Male,Gauteng,31260.15,2021-07-26,Home,1794.5,Lapsed,2025-07-02,15771.36,Approved,No,Valid Customer ID,Valid Claim ID
CUST1407,POL5407,CLM9407,45,Female,Limpopo,21361.51,2021-03-14,Health,3065.71,Active,2024-02-05,7444.4,Rejected,No,Valid Customer ID,Valid Claim ID
CUST1408,POL5408,CLM9408,20,Male,KwaZulu-Natal,12319.34,2023-03-15,Funeral,226.71,Active,2024-06-20,7079.05,Pending,No,Valid Customer ID,Valid Claim ID
CUST1409,POL5409,CLM9409,41,Male,Gauteng,16470.51,2024-11-06,Health,2895.17,Cancelled,2025-10-04,20501.26,Approved,No,Valid Customer ID,Valid Claim ID
CUST1410,POL5410,CLM9410,57,Female,North West,32273.4,2021-11-20,Funeral,296.17,Cancelled,2025-02-01,852.48,Approved,No,Valid Customer ID,Valid Claim ID
CUST1411,POL5411,CLM9411,55,Female,Mpumalanga,43713.24,2022-05-22,Life,950.79,Cancelled,2025-12-18,41299,Approved,No,Valid Customer ID,Valid Claim ID
CUST1412,POL5412,CLM9412,58,Female,KwaZulu-Natal,42560.87,2023-08-10,Health,1299.23,Active,2024-04-12,18319.36,Approved,No,Valid Customer ID,Valid Claim ID
CUST1413,POL5413,CLM9413,36,Male,Mpumalanga,42841.26,2022-07-06,Funeral,335.2,Lapsed,2024-09-27,20715.47,Rejected,No,Valid Customer ID,Valid Claim ID
CUST1414,POL5414,CLM9414,35,Female,Gauteng,48338.58,2021-12-09,Auto,1885.06,Active,2025-11-28,4948.57,Approved,No,Valid Customer ID,Valid Claim ID
CUST1415,POL5415,CLM9415,25,Female,North West,40419.12,2022-08-02,Life,1091.21,Active,2024-10-02,88057.97,Approved,Yes,Valid Customer ID,Valid Claim ID
CUST1416,POL5416,CLM9416,37,Female,Mpumalanga,35934.8,2022-12-01,Health,2070.62,Active,2024-04-10,8609.92,Approved,No,Valid Customer ID,Valid Claim ID
CUST1417,POL5417,CLM9417,47,Female,North West,10160.75,2021-12-20,Auto,1716.97,Active,2024-07-11,24968.7,Approved,No,Valid Customer ID,Valid Claim ID
CUST1418,POL5418,CLM9418,18,Female,Eastern Cape,56590.49,2024-06-21,Home,1269.2,Lapsed,2025-06-11,13616.4,Rejected,Yes,Valid Customer ID,Valid Claim ID
CUST1419,POL5419,CLM9419,53,Female,Western Cape,28203.13,2023-04-29,Home,1842.3,Active,2024-06-26,45486.62,Approved,No,Valid Customer ID,Valid Claim ID
CUST1420,POL5420,CLM9420,44,Male,Gauteng,4308.21,2024-10-11,Auto,1290,Active,2025-12-22,17790.67,Rejected,No,Valid Customer ID,Valid Claim ID
CUST1421,POL5421,CLM9421,42,Female,Free State,24201.59,2022-03-22,Life,1127.34,Active,2025-01-16,63844.41,Approved,No,Valid Customer ID,Valid Claim ID
CUST1422,POL5422,CLM9422,47,Male,Eastern Cape,null,2020-10-12,Life,944.86,Active,2024-09-21,17003.27,Approved,No,Valid Customer ID,Valid Claim ID
CUST1423,POL5423,CLM9423,39,Male,Free State,42520.22,2023-04-12,Auto,1467.05,Lapsed,2024-08-07,7842.08,Rejected,No,Valid Customer ID,Valid Claim ID
CUST1424,POL5424,CLM9424,39,Male,Mpumalanga,18009.81,2025-10-12,Life,602.01,Active,2025-11-29,24808.48,Rejected,No,Valid Customer ID,Valid Claim ID
CUST1425,POL5425,CLM9425,50,Male,Western Cape,35023.59,2021-03-03,Life,1050.06,Active,2024-11-08,46459.49,Approved,No,Valid Customer ID,Valid Claim ID
CUST1426,POL5426,CLM9426,38,Female,North West,8340.65,2021-11-18,Health,-250,Active,2025-06-17,955.21,Approved,No,Valid Customer ID,Valid Claim ID
CUST1427,POL5427,CLM9427,46,Male,Gauteng,18429.12,2021-10-27,Life,987.4,Active,2025-01-18,53164.54,Rejected,No,Valid Customer ID,Valid Claim ID
CUST1428,POL5428,CLM9428,44,Female,Mpumalanga,38205.18,2021-02-07,Life,806.47,Active,2024-10-10,47222.64,Approved,No,Valid Customer ID,Valid Claim ID
CUST1429,POL5429,CLM9429,47,Female,Mpumalanga,32558.09,2023-08-09,Life,1079.53,Cancelled,2024-07-11,97527.12,Approved,No,Valid Customer ID,Valid Claim ID
CUST1430,POL5430,CLM9430,42,Male,Gauteng,3500,2023-12-24,Home,2038.13,Lapsed,2025-11-07,29718.74,Approved,No,Valid Customer ID,Valid Claim ID
CUST1431,POL5431,CLM9431,34,Male,Eastern Cape,14067.56,2024-10-22,Funeral,335.01,Active,2025-02-01,16205.06,Approved,No,Valid Customer ID,Valid Claim ID
CUST1432,POL5432,CLM9432,50,Male,North West,3500,2021-06-27,Home,2379.03,Active,2025-05-02,3841.12,Approved,No,Valid Customer ID,Valid Claim ID
CUST1433,POL5433,CLM9433,50,Female,Western Cape,23283.47,2021-07-20,Home,1370.43,Lapsed,2024-04-09,39918.08,Rejected,Yes,Valid Customer ID,Valid Claim ID
CUST1434,POL5434,CLM9434,27,Male,North West,28872.64,2022-06-03,Life,906.18,Active,2024-11-10,35873.84,Approved,No,Valid Customer ID,Valid Claim ID
CUST1435,POL5435,CLM9435,58,Female,North West,28188.31,2024-12-08,Auto,1271.3,Active,2025-04-26,21950.45,Rejected,No,Valid Customer ID,Valid Claim ID
CUST1436,POL5436,CLM9436,27,Male,Eastern Cape,24402.77,2022-01-06,Funeral,371.59,Active,2025-01-25,17926.59,Rejected,No,Valid Customer ID,Valid Claim ID
CUST1437,POL5437,CLM9437,49,Male,Western Cape,27813.74,2022-12-13,Auto,1140.06,Active,2025-08-06,12884,Approved,No,Valid Customer ID,Valid Claim ID
CUST1438,POL5438,CLM9438,34,Male,KwaZulu-Natal,17658.24,2025-05-16,Health,3313.55,Active,2025-10-11,21528.69,Rejected,Yes,Valid Customer ID,Valid Claim ID
CUST1439,POL5439,CLM9439,96,Male,Western Cape,38137.91,2023-03-18,Health,3652.75,Active,2025-09-21,500,Approved,No,Valid Customer ID,Valid Claim ID
CUST1440,POL5440,CLM9440,31,Female,Free State,37226.76,2022-05-21,Funeral,203.97,Active,2024-07-23,16740.13,Approved,No,Valid Customer ID,Valid Claim ID
CUST1441,POL5441,CLM9441,22,Female,Limpopo,15145.03,2020-08-30,Auto,null,Active,2024-08-19,20648.6,Rejected,No,Valid Customer ID,Valid Claim ID
CUST1442,POL5442,CLM9442,36,Female,Western Cape,43149.57,2023-11-05,Auto,1304.84,Active,2024-03-07,29720.38,Approved,No,Valid Customer ID,Valid Claim ID
CUST1443,POL5443,CLM9443,22,Female,Eastern Cape,24912.46,2025-02-03,Home,1060.72,Active,2025-12-04,19786.91,Approved,No,Valid Customer ID,Valid Claim ID
CUST1444,POL5444,CLM9444,44,Female,North West,3543.46,2024-12-10,Home,2136.99,Active,2025-02-17,21834,Rejected,No,Valid Customer ID,Valid Claim ID
CUST1445,POL5445,CLM9445,27,Male,Limpopo,33989.4,2021-04-19,Home,2353.69,Active,2025-01-10,33365.25,Approved,No,Valid Customer ID,Valid Claim ID
CUST1446,POL5446,CLM9446,40,Female,Mpumalanga,44271.63,2020-05-05,Home,1192.77,Active,2024-02-19,26742.6,Approved,Yes,Valid Customer ID,Valid Claim ID
CUST1447,POL5447,CLM9447,36,Male,KwaZulu-Natal,7035.75,2024-05-22,Health,1917.82,Active,2025-04-30,3230.24,Approved,No,Valid Customer ID,Valid Claim ID
CUST1448,POL5448,CLM9448,67,Male,Mpumalanga,3500,2022-04-08,Health,1765.72,Active,2025-09-29,18738.38,Approved,No,Valid Customer ID,Valid Claim ID
CUST1449,POL5449,CLM9449,24,Female,KwaZulu-Natal,3500,2021-06-04,Life,975.71,Active,2024-04-18,58194.98,Approved,No,Valid Customer ID,Valid Claim ID
CUST1450,POL5450,CLM9450,25,Male,Mpumalanga,22437.47,2023-05-31,Home,null,Cancelled,2025-02-23,19681.62,Approved,Yes,Valid Customer ID,Valid Claim ID
CUST1451,POL5451,CLM9451,30,Male,Eastern Cape,40266.44,2021-01-04,Health,2486.76,Active,2024-04-23,12271.22,Approved,No,Valid Customer ID,Valid Claim ID
CUST1452,POL5452,CLM9452,37,Male,KwaZulu-Natal,37182.49,2021-01-09,Home,801.71,Active,2024-09-19,34255.2,Rejected,Yes,Valid Customer ID,Valid Claim ID
CUST1453,POL5453,CLM9453,38,Female,Mpumalanga,44575.82,2022-05-26,Health,2063.98,Active,2024-02-10,18045.33,Approved,No,Valid Customer ID,Valid Claim ID
CUST1455,POL5455,CLM9455,38,Male,North West,37235.1,2022-02-02,Health,1651.14,Active,2024-04-05,9387,Approved,No,Valid Customer ID,Valid Claim ID
CUST1456,POL5456,CLM9456,34,Male,KwaZulu-Natal,20997.23,2021-02-17,Health,3082.04,Cancelled,2025-01-29,27678.7,Approved,No,Valid Customer ID,Valid Claim ID
CUST1457,POL5457,CLM9457,18,Female,Unknown,38432.11,2023-10-14,Auto,1396.96,Active,2024-06-12,27705.42,Approved,No,Valid Customer ID,Valid Claim ID
CUST1458,POL5458,CLM9458,37,Female,Eastern Cape,18876.55,2020-02-29,Auto,581.97,Active,2024-01-30,4870.83,Approved,No,Valid Customer ID,Valid Claim ID
CUST1459,POL5459,CLM9459,36,Male,Eastern Cape,26015.39,2023-09-11,Funeral,493.46,Active,2024-02-17,4982.78,Approved,No,Valid Customer ID,Valid Claim ID
CUST1460,POL5460,CLM9460,30,Female,Gauteng,18738.42,2022-05-14,Home,1324.76,Active,2025-08-13,41504.72,Rejected,Yes,Valid Customer ID,Valid Claim ID
CUST1462,POL5462,CLM9462,34,Male,Gauteng,4603.62,2022-06-15,Auto,2062.56,Cancelled,2025-04-25,21862.91,Approved,No,Valid Customer ID,Valid Claim ID
CUST1463,POL5463,CLM9463,39,Male,Eastern Cape,42684.1,2024-02-03,Health,2565.07,Active,2025-06-03,12251.93,Approved,Unknown,Valid Customer ID,Valid Claim ID
CUST1464,POL5464,CLM9464,42,Female,Free State,14025.03,2023-01-05,Home,1431.46,Active,2025-08-09,9821.88,Approved,No,Valid Customer ID,Valid Claim ID
CUST1465,POL5465,CLM9465,59,Female,Eastern Cape,42322.79,2023-05-24,Health,2334.68,Cancelled,2024-01-19,21489.16,Rejected,No,Valid Customer ID,Valid Claim ID
CUST1466,POL5466,CLM9466,30,Male,Gauteng,33357.15,2023-12-31,Home,1475.5,Lapsed,2025-10-14,23433.5,Pending,No,Valid Customer ID,Valid Claim ID
CUST1467,POL5467,CLM9467,43,Male,Eastern Cape,31088,2021-12-30,Funeral,429.14,Active,2024-08-16,500,Approved,No,Valid Customer ID,Valid Claim ID
CUST1468,POL5468,CLM9468,37,Female,North West,23435.83,2024-07-12,Home,null,Active,2024-08-15,29933.73,Rejected,No,Valid Customer ID,Valid Claim ID
CUST1469,POL5469,CLM9469,30,Female,North West,33135.4,2022-01-06,Home,1734.3,Active,2024-05-23,21922.89,Approved,No,Valid Customer ID,Valid Claim ID
CUST1470,POL5470,CLM9470,47,Male,Limpopo,20166.35,2022-07-23,Auto,358.44,Lapsed,2024-07-14,32898,Rejected,Yes,Valid Customer ID,Valid Claim ID
CUST1471,POL5471,CLM9471,37,Male,Eastern Cape,43795.36,2025-04-17,Health,1616.52,Active,2025-05-25,11561.77,Approved,No,Valid Customer ID,Valid Claim ID
CUST1472,POL5472,CLM9472,33,Male,Free State,7892.45,2020-07-15,Home,2200.25,Active,2024-06-30,10172.38,Approved,No,Valid Customer ID,Valid Claim ID
CUST1473,POL5473,CLM9473,40,Male,KwaZulu-Natal,46832.07,2023-03-06,Health,1800.82,Active,2025-05-31,7486.43,Rejected,No,Valid Customer ID,Valid Claim ID
CUST1474,POL5474,CLM9474,25,Male,Mpumalanga,25644.37,2023-07-09,Health,1052.12,Active,2024-05-16,8800.8,Approved,No,Valid Customer ID,Valid Claim ID
CUST1475,POL5475,CLM9475,38,Female,North West,24959.78,2023-04-22,Home,661.39,Cancelled,2024-07-24,27044.2,Approved,No,Valid Customer ID,Valid Claim ID
CUST1476,POL5476,CLM9476,48,Female,North West,33572.68,2021-08-05,Funeral,416.71,Active,2024-07-01,10376.97,Approved,No,Valid Customer ID,Valid Claim ID
CUST1477,POL5477,CLM9477,34,Female,Unknown,10992.71,2023-06-14,Home,1576.37,Active,2025-11-14,19111.01,Approved,No,Valid Customer ID,Valid Claim ID
CUST1478,POL5478,CLM9478,45,Female,Free State,47768.38,2024-01-11,Home,1153.34,Active,2024-05-28,21393.5,Approved,No,Valid Customer ID,Valid Claim ID
CUST1479,POL5479,CLM9479,38,Male,Mpumalanga,14330.4,2023-10-20,Home,989.81,Active,2024-09-13,19776,Approved,No,Valid Customer ID,Valid Claim ID
CUST1480,POL5480,CLM9480,39,Female,Limpopo,35233.02,2020-10-01,Home,1456.52,Active,2024-04-14,48661.24,Rejected,No,Valid Customer ID,Valid Claim ID
CUST1481,POL5481,CLM9481,46,Male,Free State,16294.72,2020-11-02,Auto,1457.8,Lapsed,2024-10-21,null,Rejected,No,Valid Customer ID,Valid Claim ID
CUST1482,POL5482,CLM9482,37,Female,Free State,36275.91,2025-03-01,Health,3265.35,Lapsed,2025-07-19,14379.7,Rejected,Yes,Valid Customer ID,Valid Claim ID
CUST1483,POL5483,CLM9483,73,Female,Limpopo,24385.55,2022-07-03,Funeral,301,Active,2025-08-25,11833.94,Approved,No,Valid Customer ID,Valid Claim ID
CUST1484,POL5484,CLM9484,68,Male,Limpopo,24770.74,2023-06-21,Health,2965.17,Active,2024-07-10,5481.95,Approved,No,Valid Customer ID,Valid Claim ID
CUST1485,POL5485,CLM9485,39,Male,Free State,31760.31,2021-02-03,Auto,959.81,Active,2024-06-13,18326.57,Approved,No,Valid Customer ID,Valid Claim ID
CUST1486,POL5486,CLM9486,26,Male,North West,39487.75,2021-06-23,Health,1847.98,Cancelled,2024-11-26,14866.76,Approved,Yes,Valid Customer ID,Valid Claim ID
CUST1487,POL5487,CLM9487,46,Female,Eastern Cape,20367.39,2024-02-14,Home,1345.57,Active,2025-12-25,9420.9,Approved,No,Valid Customer ID,Valid Claim ID
CUST1488,POL5488,CLM9488,18,Male,KwaZulu-Natal,20747.03,2024-07-14,Home,2152.61,Active,2025-02-17,null,Approved,No,Valid Customer ID,Valid Claim ID
CUST1489,POL5489,CLM9489,31,Male,North West,22588.42,2022-09-05,Health,2224.99,Active,2025-09-25,500,Pending,No,Valid Customer ID,Valid Claim ID
CUST1490,POL5490,CLM9490,18,Male,KwaZulu-Natal,47494.38,2022-02-26,Life,580,Active,2025-09-20,38685.99,Rejected,No,Valid Customer ID,Valid Claim ID
CUST1491,POL5491,CLM9491,23,Male,North West,6715.98,2021-08-10,Health,2704.04,Lapsed,2024-09-19,11438.24,Approved,No,Valid Customer ID,Valid Claim ID
CUST1492,POL5492,CLM9492,29,Male,North West,22568.49,2021-02-04,Life,1367.84,Active,2024-10-30,52309.01,Approved,No,Valid Customer ID,Valid Claim ID
CUST1493,POL5493,CLM9493,47,Male,KwaZulu-Natal,3500,2020-06-04,Auto,1576.06,Cancelled,2024-01-08,18778.89,Approved,Yes,Valid Customer ID,Valid Claim ID
CUST1494,POL5494,CLM9494,51,Male,Unknown,33645.84,2021-07-06,Home,558.68,Active,2025-03-21,40934.78,Rejected,No,Valid Customer ID,Valid Claim ID
CUST1495,POL5495,CLM9495,24,Male,Western Cape,38799.63,2023-10-27,Auto,1350.39,Active,2024-03-16,29076.21,Rejected,Yes,Valid Customer ID,Valid Claim ID
CUST1496,POL5496,CLM9496,31,Male,Limpopo,39334.32,2022-08-17,Funeral,296.52,Active,2025-02-18,5746.93,Approved,No,Valid Customer ID,Valid Claim ID
CUST1497,POL5497,CLM9497,54,Female,KwaZulu-Natal,29763,2025-04-21,Life,1034.49,Active,2025-08-22,6232.85,Approved,No,Valid Customer ID,Valid Claim ID
CUST1498,POL5498,CLM9498,57,Male,North West,36723.22,2021-05-12,Funeral,588.96,Active,2024-11-04,14245.55,Rejected,Yes,Valid Customer ID,Valid Claim ID
CUST1500,POL5500,CLM9500,26,Female,Mpumalanga,19166.97,2023-08-23,Funeral,311.46,Active,2025-10-25,16679.22,Approved,No,Valid Customer ID,Valid Claim ID
CUST1501,POL5501,CLM9501,41,Male,Western Cape,43318.51,2022-05-10,Auto,1517.65,Active,2025-07-04,27157.29,Approved,No,Valid Customer ID,Valid Claim ID
CUST1502,POL5502,CLM9502,35,Female,Limpopo,29632.1,2021-06-15,Home,1335.8,Cancelled,2025-02-26,8878.08,Approved,No,Valid Customer ID,Valid Claim ID
CUST1503,POL5503,CLM9503,48,Male,Western Cape,4270.37,2023-03-23,Auto,1637.08,Active,2024-04-27,14617.13,Approved,No,Valid Customer ID,Valid Claim ID
CUST1504,POL5504,CLM9504,24,Male,Eastern Cape,15945.3,2024-01-26,Life,859.22,Active,2024-09-13,63461.38,Approved,Yes,Valid Customer ID,Valid Claim ID
CUST1505,POL5505,CLM9505,39,Female,North West,38114.26,2025-04-07,Auto,1222.15,Active,2025-09-26,28423.59,Approved,No,Valid Customer ID,Valid Claim ID
CUST1506,POL5506,CLM9506,41,Unknown,Eastern Cape,34338.59,2024-09-13,Health,1637.51,Active,2025-08-21,24389.11,Approved,No,Valid Customer ID,Valid Claim ID
CUST1507,POL5507,CLM9507,37,Female,North West,23337.47,2020-12-11,Funeral,null,Active,2024-08-14,18429,Approved,No,Valid Customer ID,Valid Claim ID
CUST1508,POL5508,CLM9508,26,Female,Western Cape,29224.63,2023-02-27,Life,803.04,Active,2025-04-01,64131,Approved,No,Valid Customer ID,Valid Claim ID
CUST1509,POL5509,CLM9509,44,Female,KwaZulu-Natal,17825.61,2021-04-16,Auto,1714.33,Active,2024-05-23,8205.26,Rejected,No,Valid Customer ID,Valid Claim ID
CUST1510,POL5510,CLM9510,37,Male,KwaZulu-Natal,30068.58,2022-04-21,Funeral,490.62,Lapsed,2025-08-18,10715.55,Approved,No,Valid Customer ID,Valid Claim ID
CUST1511,POL5511,CLM9511,59,Male,Gauteng,28487.31,2021-07-29,Life,1222.48,Active,2025-04-28,44173.28,Pending,No,Valid Customer ID,Valid Claim ID
CUST1512,POL5512,CLM9512,45,Female,Free State,24918.41,2023-12-25,Auto,1372.28,Active,2024-10-24,9604.67,Rejected,No,Valid Customer ID,Valid Claim ID
CUST1513,POL5513,CLM9513,37,Male,Free State,15147.73,2021-10-20,Health,1161.23,Active,2025-09-20,24635.5,Approved,Yes,Valid Customer ID,Valid Claim ID
CUST1514,POL5514,CLM9514,37,Female,Western Cape,34137.78,2021-08-13,Auto,1040.6,Cancelled,2024-05-29,15498.58,Approved,No,Valid Customer ID,Valid Claim ID
CUST1515,POL5515,CLM9515,49,Male,Limpopo,23723.77,2024-05-02,Home,1263.04,Active,2024-08-27,38996,Approved,No,Valid Customer ID,Valid Claim ID
CUST1516,POL5516,CLM9516,31,Unknown,Free State,41405.52,2023-12-03,Health,2010.33,Active,2025-10-26,7581.91,Approved,No,Valid Customer ID,Valid Claim ID
CUST1517,POL5517,CLM9517,26,Female,Mpumalanga,50149.63,2022-12-06,Life,934.18,Active,2025-01-22,21517.39,Approved,No,Valid Customer ID,Valid Claim ID
CUST1518,POL5518,CLM9518,39,Male,Mpumalanga,11246.68,2022-12-22,Health,2922.06,Cancelled,2024-12-27,16166.05,Approved,No,Valid Customer ID,Valid Claim ID
CUST1519,POL5519,CLM9519,48,Female,Gauteng,19156.88,2021-04-01,Life,903.99,Active,2024-03-19,45945,Approved,No,Valid Customer ID,Valid Claim ID
